id,product_name,category,brand,price,rating,in_stock,description
1,CoreX Gaming Console 284Max,Gaming,CoreX,1631.57,2.5,True,CoreX Gaming Console 284Max - Engineered for gamers and power users. Perfect for office work.
2,Pulse Gaming Mouse 307X,Peripherals,Pulse,2265.3,4.9,True,Pulse Gaming Mouse 307X - Built with cutting-edge technology for superior experience. Perfect for gaming.
3,HyperX Backpack 525Pro,Accessories,HyperX,481.48,4.5,True,HyperX Backpack 525Pro - Compact and lightweight for easy portability. Perfect for travel.
4,Prime Chromebook 871Lite,Laptops,Prime,2213.21,4.4,False,Prime Chromebook 871Lite - Designed for everyday performance and reliability. Perfect for multimedia.
5,Aero Gaming Chair 347S,Gaming,Aero,988.07,2.7,True,Aero Gaming Chair 347S - Comfortable ergonomic design with long-lasting battery life. Perfect for office work.
6,Fusion 4K Monitor 352X,Peripherals,Fusion,2899.61,1.6,False,Fusion 4K Monitor 352X - Optimized for productivity and entertainment. Perfect for daily use.
7,Eclipse Gaming Laptop 162Lite,Laptops,Eclipse,830.01,4.7,True,Eclipse Gaming Laptop 162Lite - Compact and lightweight for easy portability. Perfect for daily use.
8,Vertex Laptop Sleeve 463X,Accessories,Vertex,1229.91,2.6,False,Vertex Laptop Sleeve 463X - Premium build quality with advanced features. Perfect for office work.
9,Strive Ultrabook 890Pro,Laptops,Strive,2225.25,4.7,True,Strive Ultrabook 890Pro - Comfortable ergonomic design with long-lasting battery life. Perfect for daily use.
10,Zenith Smartwatch 953X,Electronics,Zenith,2692.29,3.4,False,Zenith Smartwatch 953X - Engineered for gamers and power users. Perfect for gaming.
11,Zenith Controller 901Pro,Gaming,Zenith,2754.5,4.0,True,Zenith Controller 901Pro - Optimized for productivity and entertainment. Perfect for multimedia.
12,Volt Noise Cancelling Headphones 787Lite,Audio,Volt,1704.61,4.4,True,Volt Noise Cancelling Headphones 787Lite - Built with cutting-edge technology for superior experience. Perfect for multimedia.
13,Nimbus Laptop Sleeve 616Pro,Accessories,Nimbus,324.96,1.6,True,Nimbus Laptop Sleeve 616Pro - Built with cutting-edge technology for superior experience. Perfect for travel.
14,Zenith Business Laptop 538S,Laptops,Zenith,2236.24,1.0,False,Zenith Business Laptop 538S - High durability with modern aesthetics. Perfect for travel.
15,Vertex Chromebook 366X,Laptops,Vertex,483.7,1.7,False,Vertex Chromebook 366X - Engineered for gamers and power users. Perfect for office work.
16,Eclipse Soundbar 370X,Audio,Eclipse,1508.06,2.0,True,Eclipse Soundbar 370X - Designed for everyday performance and reliability. Perfect for multimedia.
17,CoreX Mechanical Keyboard 619Lite,Peripherals,CoreX,1368.0,3.9,False,CoreX Mechanical Keyboard 619Lite - Engineered for gamers and power users. Perfect for travel.
18,Eclipse Controller 909S,Gaming,Eclipse,220.45,3.4,False,Eclipse Controller 909S - Engineered for gamers and power users. Perfect for office work.
19,Quantum Running Shoes 443Max,Footwear,Quantum,957.97,4.9,True,Quantum Running Shoes 443Max - Optimized for productivity and entertainment. Perfect for daily use.
20,Eclipse Ultrabook 424Max,Laptops,Eclipse,1463.16,1.5,False,Eclipse Ultrabook 424Max - Designed for everyday performance and reliability. Perfect for gaming.
21,Strive Soundbar 840Lite,Audio,Strive,683.33,3.6,False,Strive Soundbar 840Lite - Engineered for gamers and power users. Perfect for multimedia.
22,Quantum Webcam 131S,Peripherals,Quantum,2980.68,2.6,True,Quantum Webcam 131S - Engineered for gamers and power users. Perfect for office work.
23,HyperX Gaming Mouse 114S,Peripherals,HyperX,376.47,4.2,True,HyperX Gaming Mouse 114S - Optimized for productivity and entertainment. Perfect for multimedia.
24,NovaTech Chromebook 452S,Laptops,NovaTech,800.5,2.6,False,NovaTech Chromebook 452S - Compact and lightweight for easy portability. Perfect for travel.
25,Eclipse Sandals 472S,Footwear,Eclipse,29.83,3.1,False,Eclipse Sandals 472S - Comfortable ergonomic design with long-lasting battery life. Perfect for daily use.
26,Zenith Backpack 818Max,Accessories,Zenith,172.17,2.3,False,Zenith Backpack 818Max - Designed for everyday performance and reliability. Perfect for travel.
27,Strive Controller 616Max,Gaming,Strive,2413.66,1.8,False,Strive Controller 616Max - Compact and lightweight for easy portability. Perfect for daily use.
28,Volt Webcam 985Max,Peripherals,Volt,439.03,4.1,True,Volt Webcam 985Max - Optimized for productivity and entertainment. Perfect for daily use.
29,Zenith 4K Monitor 733X,Peripherals,Zenith,849.99,4.5,False,Zenith 4K Monitor 733X - Comfortable ergonomic design with long-lasting battery life. Perfect for office work.
30,Orbit Smartphone 289Lite,Electronics,Orbit,1066.76,2.6,True,Orbit Smartphone 289Lite - Compact and lightweight for easy portability. Perfect for gaming.
31,Quantum Smart Wallet 754Pro,Accessories,Quantum,94.1,3.0,True,Quantum Smart Wallet 754Pro - Designed for everyday performance and reliability. Perfect for gaming.
32,HyperX Gaming Chair 909Max,Gaming,HyperX,2305.67,3.4,True,HyperX Gaming Chair 909Max - Built with cutting-edge technology for superior experience. Perfect for gaming.
33,Zenith Smartwatch 417X,Electronics,Zenith,1476.93,3.0,False,Zenith Smartwatch 417X - Comfortable ergonomic design with long-lasting battery life. Perfect for travel.
34,Strive Soundbar 999Pro,Audio,Strive,2141.06,4.0,True,Strive Soundbar 999Pro - Comfortable ergonomic design with long-lasting battery life. Perfect for gaming.
35,Volt Business Laptop 510X,Laptops,Volt,1950.79,1.2,False,Volt Business Laptop 510X - Built with cutting-edge technology for superior experience. Perfect for office work.
36,Fusion Sandals 716Lite,Footwear,Fusion,474.55,3.1,True,Fusion Sandals 716Lite - Built with cutting-edge technology for superior experience. Perfect for travel.
37,Strive Tablet 781Pro,Electronics,Strive,470.53,3.2,True,Strive Tablet 781Pro - High durability with modern aesthetics. Perfect for daily use.
38,Eclipse Chromebook 787Pro,Laptops,Eclipse,543.86,2.0,True,Eclipse Chromebook 787Pro - Comfortable ergonomic design with long-lasting battery life. Perfect for daily use.
39,Prime Gaming Mouse 442Lite,Peripherals,Prime,2113.31,4.9,True,Prime Gaming Mouse 442Lite - Premium build quality with advanced features. Perfect for travel.
40,HyperX Noise Cancelling Headphones 718Max,Audio,HyperX,134.08,1.4,False,HyperX Noise Cancelling Headphones 718Max - Compact and lightweight for easy portability. Perfect for travel.
41,Zenith Gaming Mouse 338X,Peripherals,Zenith,2521.91,2.6,False,Zenith Gaming Mouse 338X - Comfortable ergonomic design with long-lasting battery life. Perfect for office work.
42,Vertex Running Shoes 801S,Footwear,Vertex,1420.27,3.0,True,Vertex Running Shoes 801S - Designed for everyday performance and reliability. Perfect for daily use.
43,Fusion Gaming Laptop 924Pro,Laptops,Fusion,124.54,3.2,True,Fusion Gaming Laptop 924Pro - Designed for everyday performance and reliability. Perfect for daily use.
44,HyperX Phone Case 132Max,Accessories,HyperX,2263.16,4.8,False,HyperX Phone Case 132Max - Premium build quality with advanced features. Perfect for travel.
45,HyperX 4K Monitor 536Lite,Peripherals,HyperX,2759.57,2.7,True,HyperX 4K Monitor 536Lite - Optimized for productivity and entertainment. Perfect for daily use.
46,Zenith Sandals 916X,Footwear,Zenith,812.6,4.0,True,Zenith Sandals 916X - Built with cutting-edge technology for superior experience. Perfect for gaming.
47,Strive Mechanical Keyboard 512Max,Peripherals,Strive,199.04,2.0,False,Strive Mechanical Keyboard 512Max - Designed for everyday performance and reliability. Perfect for travel.
48,Volt Hiking Boots 561S,Footwear,Volt,1254.71,2.5,True,Volt Hiking Boots 561S - Comfortable ergonomic design with long-lasting battery life. Perfect for office work.
49,Volt Smartwatch 592Max,Electronics,Volt,2903.71,4.2,False,Volt Smartwatch 592Max - Designed for everyday performance and reliability. Perfect for multimedia.
50,Vertex Controller 439Pro,Gaming,Vertex,2017.13,3.0,False,Vertex Controller 439Pro - Engineered for gamers and power users. Perfect for daily use.
51,Zenith Sandals 952X,Footwear,Zenith,1591.34,3.7,True,Zenith Sandals 952X - Comfortable ergonomic design with long-lasting battery life. Perfect for gaming.
52,NovaTech Camera 175Pro,Electronics,NovaTech,1590.8,4.0,False,NovaTech Camera 175Pro - Engineered for gamers and power users. Perfect for gaming.
53,Orbit Business Laptop 727Max,Laptops,Orbit,1120.83,4.2,True,Orbit Business Laptop 727Max - Engineered for gamers and power users. Perfect for daily use.
54,CoreX VR Headset 946Pro,Gaming,CoreX,441.17,3.5,False,CoreX VR Headset 946Pro - Optimized for productivity and entertainment. Perfect for gaming.
55,Vertex Hiking Boots 125Pro,Footwear,Vertex,1304.96,4.4,False,Vertex Hiking Boots 125Pro - High durability with modern aesthetics. Perfect for multimedia.
56,Eclipse Camera 219S,Electronics,Eclipse,2628.71,2.0,True,Eclipse Camera 219S - Comfortable ergonomic design with long-lasting battery life. Perfect for gaming.
57,Eclipse Hiking Boots 812Max,Footwear,Eclipse,936.92,2.7,False,Eclipse Hiking Boots 812Max - Compact and lightweight for easy portability. Perfect for office work.
58,Fusion Ultrabook 370Pro,Laptops,Fusion,946.75,4.6,True,Fusion Ultrabook 370Pro - Premium build quality with advanced features. Perfect for multimedia.
59,Prime Drone 264S,Electronics,Prime,799.88,2.2,True,Prime Drone 264S - Optimized for productivity and entertainment. Perfect for multimedia.
60,Eclipse Gaming Console 378Lite,Gaming,Eclipse,251.24,2.6,True,Eclipse Gaming Console 378Lite - High durability with modern aesthetics. Perfect for travel.
61,CoreX Sandals 920X,Footwear,CoreX,1609.2,3.5,True,CoreX Sandals 920X - Comfortable ergonomic design with long-lasting battery life. Perfect for multimedia.
62,CoreX Gaming Mouse 608X,Peripherals,CoreX,517.23,1.4,True,CoreX Gaming Mouse 608X - Comfortable ergonomic design with long-lasting battery life. Perfect for travel.
63,Nimbus Business Laptop 670Pro,Laptops,Nimbus,771.53,4.5,False,Nimbus Business Laptop 670Pro - Engineered for gamers and power users. Perfect for office work.
64,Zenith Sandals 652X,Footwear,Zenith,2823.49,1.6,False,Zenith Sandals 652X - Designed for everyday performance and reliability. Perfect for office work.
65,Fusion Bluetooth Speaker 732S,Audio,Fusion,2094.62,4.3,False,Fusion Bluetooth Speaker 732S - Designed for everyday performance and reliability. Perfect for travel.
66,Quantum Backpack 608S,Accessories,Quantum,2858.93,3.7,False,Quantum Backpack 608S - Engineered for gamers and power users. Perfect for gaming.
67,Aero Smart Wallet 970Pro,Accessories,Aero,1687.08,1.0,False,Aero Smart Wallet 970Pro - Premium build quality with advanced features. Perfect for gaming.
68,Fusion Soundbar 240X,Audio,Fusion,123.4,1.7,False,Fusion Soundbar 240X - Engineered for gamers and power users. Perfect for daily use.
69,Nimbus Hiking Boots 791Max,Footwear,Nimbus,777.7,3.8,False,Nimbus Hiking Boots 791Max - Premium build quality with advanced features. Perfect for travel.
70,Nimbus Business Laptop 573S,Laptops,Nimbus,2053.51,2.8,False,Nimbus Business Laptop 573S - Engineered for gamers and power users. Perfect for office work.
71,Pulse Noise Cancelling Headphones 965S,Audio,Pulse,421.34,2.7,False,Pulse Noise Cancelling Headphones 965S - Built with cutting-edge technology for superior experience. Perfect for travel.
72,Volt Sandals 115Max,Footwear,Volt,2628.25,3.8,False,Volt Sandals 115Max - Premium build quality with advanced features. Perfect for multimedia.
73,Zenith Gaming Laptop 159S,Laptops,Zenith,2458.17,3.9,True,Zenith Gaming Laptop 159S - Optimized for productivity and entertainment. Perfect for office work.
74,Nimbus Sneakers 346Lite,Footwear,Nimbus,81.66,3.6,False,Nimbus Sneakers 346Lite - High durability with modern aesthetics. Perfect for travel.
75,CoreX Gaming Console 399X,Gaming,CoreX,1034.61,1.9,False,CoreX Gaming Console 399X - Optimized for productivity and entertainment. Perfect for office work.
76,Volt VR Headset 881Lite,Gaming,Volt,2024.77,3.0,False,Volt VR Headset 881Lite - Compact and lightweight for easy portability. Perfect for office work.
77,Vertex Phone Case 826X,Accessories,Vertex,658.4,1.6,False,Vertex Phone Case 826X - Compact and lightweight for easy portability. Perfect for gaming.
78,Quantum Controller 858X,Gaming,Quantum,89.13,2.8,True,Quantum Controller 858X - Optimized for productivity and entertainment. Perfect for travel.
79,Volt Running Shoes 255X,Footwear,Volt,1242.28,4.9,False,Volt Running Shoes 255X - Optimized for productivity and entertainment. Perfect for gaming.
80,HyperX Business Laptop 463X,Laptops,HyperX,1477.47,1.8,True,HyperX Business Laptop 463X - Designed for everyday performance and reliability. Perfect for multimedia.
81,Quantum Chromebook 524Max,Laptops,Quantum,509.37,4.1,True,Quantum Chromebook 524Max - Engineered for gamers and power users. Perfect for daily use.
82,Fusion Webcam 935Max,Peripherals,Fusion,67.73,4.1,False,Fusion Webcam 935Max - Premium build quality with advanced features. Perfect for office work.
83,Strive Sandals 553X,Footwear,Strive,1298.0,2.2,True,Strive Sandals 553X - Designed for everyday performance and reliability. Perfect for daily use.
84,Quantum 4K Monitor 576Max,Peripherals,Quantum,1282.26,4.7,False,Quantum 4K Monitor 576Max - Premium build quality with advanced features. Perfect for travel.
85,Zenith Bluetooth Speaker 702Pro,Audio,Zenith,1460.42,2.4,True,Zenith Bluetooth Speaker 702Pro - Premium build quality with advanced features. Perfect for multimedia.
86,Nimbus Noise Cancelling Headphones 837Lite,Audio,Nimbus,1688.58,4.1,True,Nimbus Noise Cancelling Headphones 837Lite - High durability with modern aesthetics. Perfect for travel.
87,HyperX Smartphone 829Pro,Electronics,HyperX,182.4,4.0,False,HyperX Smartphone 829Pro - Compact and lightweight for easy portability. Perfect for daily use.
88,Orbit Gaming Console 806S,Gaming,Orbit,1318.33,4.3,True,Orbit Gaming Console 806S - High durability with modern aesthetics. Perfect for travel.
89,Fusion VR Headset 260Lite,Gaming,Fusion,2067.95,2.9,True,Fusion VR Headset 260Lite - Comfortable ergonomic design with long-lasting battery life. Perfect for office work.
90,Volt Laptop Sleeve 100Pro,Accessories,Volt,2024.39,4.1,True,Volt Laptop Sleeve 100Pro - Designed for everyday performance and reliability. Perfect for gaming.
91,Pulse Soundbar 642Lite,Audio,Pulse,2371.72,4.1,True,Pulse Soundbar 642Lite - Built with cutting-edge technology for superior experience. Perfect for gaming.
92,Eclipse Phone Case 603S,Accessories,Eclipse,679.33,4.5,True,Eclipse Phone Case 603S - Built with cutting-edge technology for superior experience. Perfect for multimedia.
93,HyperX Business Laptop 453S,Laptops,HyperX,1245.54,3.7,True,HyperX Business Laptop 453S - Designed for everyday performance and reliability. Perfect for daily use.
94,Fusion Smart Wallet 751S,Accessories,Fusion,895.26,2.9,False,Fusion Smart Wallet 751S - Designed for everyday performance and reliability. Perfect for multimedia.
95,CoreX Smartwatch 239X,Electronics,CoreX,2770.75,2.9,False,CoreX Smartwatch 239X - Premium build quality with advanced features. Perfect for travel.
96,Nimbus Gaming Console 250Max,Gaming,Nimbus,438.19,1.4,False,Nimbus Gaming Console 250Max - Compact and lightweight for easy portability. Perfect for multimedia.
97,Strive Wireless Earbuds 960Max,Audio,Strive,586.94,4.2,False,Strive Wireless Earbuds 960Max - Comfortable ergonomic design with long-lasting battery life. Perfect for travel.
98,Nimbus VR Headset 632Pro,Gaming,Nimbus,2100.08,2.2,False,Nimbus VR Headset 632Pro - Compact and lightweight for easy portability. Perfect for gaming.
99,Nimbus Tablet 134Lite,Electronics,Nimbus,2234.97,4.4,True,Nimbus Tablet 134Lite - High durability with modern aesthetics. Perfect for travel.
100,HyperX Smartwatch 218S,Electronics,HyperX,732.82,4.8,False,HyperX Smartwatch 218S - Engineered for gamers and power users. Perfect for multimedia.
101,Fusion Gaming Laptop 966X,Laptops,Fusion,716.07,1.3,True,Fusion Gaming Laptop 966X - Comfortable ergonomic design with long-lasting battery life. Perfect for travel.
102,Aero Tablet 554Pro,Electronics,Aero,2771.53,4.8,True,Aero Tablet 554Pro - Built with cutting-edge technology for superior experience. Perfect for daily use.
103,Eclipse Tablet 767S,Electronics,Eclipse,2937.47,2.0,True,Eclipse Tablet 767S - Compact and lightweight for easy portability. Perfect for multimedia.
104,CoreX Smartphone 408S,Electronics,CoreX,1032.67,3.0,True,CoreX Smartphone 408S - Comfortable ergonomic design with long-lasting battery life. Perfect for travel.
105,CoreX Gaming Mouse 430Pro,Peripherals,CoreX,1175.45,2.7,False,CoreX Gaming Mouse 430Pro - Engineered for gamers and power users. Perfect for office work.
106,Zenith Gaming Console 261Max,Gaming,Zenith,1335.81,1.8,False,Zenith Gaming Console 261Max - Premium build quality with advanced features. Perfect for gaming.
107,Orbit 4K Monitor 447Max,Peripherals,Orbit,1152.98,2.1,False,Orbit 4K Monitor 447Max - Designed for everyday performance and reliability. Perfect for gaming.
108,Eclipse Gaming Laptop 207S,Laptops,Eclipse,1135.97,2.3,True,Eclipse Gaming Laptop 207S - Compact and lightweight for easy portability. Perfect for travel.
109,Prime Controller 576Max,Gaming,Prime,2870.46,1.4,False,Prime Controller 576Max - Compact and lightweight for easy portability. Perfect for travel.
110,Pulse Gaming Console 232X,Gaming,Pulse,510.89,1.9,False,Pulse Gaming Console 232X - Optimized for productivity and entertainment. Perfect for daily use.
111,Zenith Phone Case 464Pro,Accessories,Zenith,1166.13,3.0,False,Zenith Phone Case 464Pro - Premium build quality with advanced features. Perfect for gaming.
112,Orbit Hiking Boots 122Lite,Footwear,Orbit,746.43,4.8,True,Orbit Hiking Boots 122Lite - Designed for everyday performance and reliability. Perfect for gaming.
113,HyperX Gaming Mouse 891X,Peripherals,HyperX,761.69,3.0,False,HyperX Gaming Mouse 891X - High durability with modern aesthetics. Perfect for daily use.
114,Prime Gaming Console 916Lite,Gaming,Prime,2880.85,4.6,False,Prime Gaming Console 916Lite - Premium build quality with advanced features. Perfect for travel.
115,Prime Laptop Sleeve 123Max,Accessories,Prime,1212.99,4.8,False,Prime Laptop Sleeve 123Max - High durability with modern aesthetics. Perfect for multimedia.
116,Vertex Hiking Boots 646S,Footwear,Vertex,483.17,1.0,False,Vertex Hiking Boots 646S - Designed for everyday performance and reliability. Perfect for travel.
117,Orbit Wireless Earbuds 390Pro,Audio,Orbit,1828.05,3.3,False,Orbit Wireless Earbuds 390Pro - Designed for everyday performance and reliability. Perfect for travel.
118,Vertex Noise Cancelling Headphones 833Lite,Audio,Vertex,837.3,2.7,True,Vertex Noise Cancelling Headphones 833Lite - Built with cutting-edge technology for superior experience. Perfect for office work.
119,Prime Noise Cancelling Headphones 193Max,Audio,Prime,88.91,1.8,True,Prime Noise Cancelling Headphones 193Max - Optimized for productivity and entertainment. Perfect for gaming.
120,Fusion Gaming Laptop 916X,Laptops,Fusion,1752.03,4.6,True,Fusion Gaming Laptop 916X - Designed for everyday performance and reliability. Perfect for office work.
121,Nimbus Smartphone 434Pro,Electronics,Nimbus,2978.96,1.1,False,Nimbus Smartphone 434Pro - Engineered for gamers and power users. Perfect for travel.
122,HyperX Running Shoes 238Max,Footwear,HyperX,1842.43,4.3,False,HyperX Running Shoes 238Max - Premium build quality with advanced features. Perfect for office work.
123,NovaTech Running Shoes 391Pro,Footwear,NovaTech,2592.97,3.2,True,NovaTech Running Shoes 391Pro - Compact and lightweight for easy portability. Perfect for office work.
124,Zenith Drone 627X,Electronics,Zenith,259.47,2.0,True,Zenith Drone 627X - Premium build quality with advanced features. Perfect for office work.
125,Vertex Smartwatch 767Pro,Electronics,Vertex,2572.8,1.5,False,Vertex Smartwatch 767Pro - High durability with modern aesthetics. Perfect for travel.
126,NovaTech Sneakers 626X,Footwear,NovaTech,1188.1,2.0,True,NovaTech Sneakers 626X - Premium build quality with advanced features. Perfect for office work.
127,HyperX Gaming Chair 243X,Gaming,HyperX,1175.96,1.4,False,HyperX Gaming Chair 243X - High durability with modern aesthetics. Perfect for travel.
128,NovaTech Camera 480X,Electronics,NovaTech,1745.79,1.3,True,NovaTech Camera 480X - Compact and lightweight for easy portability. Perfect for daily use.
129,Fusion Wireless Earbuds 152Lite,Audio,Fusion,417.8,3.4,False,Fusion Wireless Earbuds 152Lite - Built with cutting-edge technology for superior experience. Perfect for gaming.
130,Zenith Sneakers 576X,Footwear,Zenith,155.16,1.6,True,Zenith Sneakers 576X - High durability with modern aesthetics. Perfect for daily use.
131,HyperX Hiking Boots 459Max,Footwear,HyperX,1048.61,3.2,False,HyperX Hiking Boots 459Max - High durability with modern aesthetics. Perfect for travel.
132,Nimbus Sandals 525Lite,Footwear,Nimbus,2865.32,2.8,True,Nimbus Sandals 525Lite - Built with cutting-edge technology for superior experience. Perfect for daily use.
133,Orbit Sneakers 157S,Footwear,Orbit,2480.29,3.3,True,Orbit Sneakers 157S - Optimized for productivity and entertainment. Perfect for multimedia.
134,Vertex Webcam 106X,Peripherals,Vertex,2575.56,2.8,False,Vertex Webcam 106X - Comfortable ergonomic design with long-lasting battery life. Perfect for office work.
135,Prime 4K Monitor 212X,Peripherals,Prime,2044.02,1.7,True,Prime 4K Monitor 212X - High durability with modern aesthetics. Perfect for office work.
136,Zenith Smartphone 753Lite,Electronics,Zenith,1227.48,4.9,False,Zenith Smartphone 753Lite - Premium build quality with advanced features. Perfect for daily use.
137,Strive Noise Cancelling Headphones 290Lite,Audio,Strive,2222.98,3.5,False,Strive Noise Cancelling Headphones 290Lite - Engineered for gamers and power users. Perfect for gaming.
138,Strive Drone 327Lite,Electronics,Strive,1513.79,3.0,True,Strive Drone 327Lite - Comfortable ergonomic design with long-lasting battery life. Perfect for travel.
139,Pulse Smartwatch 749Lite,Electronics,Pulse,2832.96,1.1,True,Pulse Smartwatch 749Lite - Premium build quality with advanced features. Perfect for gaming.
140,Eclipse Soundbar 554Max,Audio,Eclipse,1018.32,1.3,False,Eclipse Soundbar 554Max - High durability with modern aesthetics. Perfect for multimedia.
141,Pulse Webcam 212S,Peripherals,Pulse,952.37,2.5,False,Pulse Webcam 212S - Compact and lightweight for easy portability. Perfect for multimedia.
142,Prime Running Shoes 366X,Footwear,Prime,1863.29,2.3,True,Prime Running Shoes 366X - Premium build quality with advanced features. Perfect for travel.
143,Prime Webcam 325S,Peripherals,Prime,2781.74,4.1,False,Prime Webcam 325S - Designed for everyday performance and reliability. Perfect for office work.
144,Orbit Sandals 107Max,Footwear,Orbit,2435.39,1.9,False,Orbit Sandals 107Max - Comfortable ergonomic design with long-lasting battery life. Perfect for multimedia.
145,Pulse Ultrabook 747Lite,Laptops,Pulse,1631.12,2.8,True,Pulse Ultrabook 747Lite - Premium build quality with advanced features. Perfect for gaming.
146,Orbit Wireless Earbuds 761S,Audio,Orbit,2870.18,1.3,False,Orbit Wireless Earbuds 761S - Designed for everyday performance and reliability. Perfect for daily use.
147,Prime Gaming Mouse 165Pro,Peripherals,Prime,2702.0,4.6,True,Prime Gaming Mouse 165Pro - Designed for everyday performance and reliability. Perfect for office work.
148,HyperX Soundbar 210X,Audio,HyperX,2950.68,3.9,False,HyperX Soundbar 210X - High durability with modern aesthetics. Perfect for office work.
149,Orbit Business Laptop 915X,Laptops,Orbit,1637.71,5.0,False,Orbit Business Laptop 915X - Built with cutting-edge technology for superior experience. Perfect for daily use.
150,CoreX Bluetooth Speaker 329X,Audio,CoreX,2982.66,4.3,False,CoreX Bluetooth Speaker 329X - Optimized for productivity and entertainment. Perfect for office work.
151,Volt Gaming Chair 141Pro,Gaming,Volt,2989.48,2.4,True,Volt Gaming Chair 141Pro - Optimized for productivity and entertainment. Perfect for gaming.
152,Prime Wireless Earbuds 283Lite,Audio,Prime,815.54,1.3,False,Prime Wireless Earbuds 283Lite - Optimized for productivity and entertainment. Perfect for multimedia.
153,Orbit Smartphone 543Max,Electronics,Orbit,617.86,1.1,True,Orbit Smartphone 543Max - Compact and lightweight for easy portability. Perfect for office work.
154,HyperX Running Shoes 592Lite,Footwear,HyperX,2534.99,2.0,False,HyperX Running Shoes 592Lite - Compact and lightweight for easy portability. Perfect for daily use.
155,Fusion Smartwatch 918Max,Electronics,Fusion,1694.74,3.7,True,Fusion Smartwatch 918Max - Optimized for productivity and entertainment. Perfect for travel.
156,CoreX Webcam 383S,Peripherals,CoreX,1851.12,1.2,True,CoreX Webcam 383S - Optimized for productivity and entertainment. Perfect for office work.
157,Nimbus Webcam 207Lite,Peripherals,Nimbus,1165.14,4.5,True,Nimbus Webcam 207Lite - Compact and lightweight for easy portability. Perfect for multimedia.
158,Nimbus Hiking Boots 531Pro,Footwear,Nimbus,761.65,3.9,False,Nimbus Hiking Boots 531Pro - Compact and lightweight for easy portability. Perfect for daily use.
159,Fusion Sneakers 753S,Footwear,Fusion,2473.28,3.6,True,Fusion Sneakers 753S - Engineered for gamers and power users. Perfect for travel.
160,Eclipse VR Headset 205Lite,Gaming,Eclipse,2760.36,3.6,True,Eclipse VR Headset 205Lite - Premium build quality with advanced features. Perfect for travel.
161,Volt Hiking Boots 326Lite,Footwear,Volt,550.81,1.9,True,Volt Hiking Boots 326Lite - High durability with modern aesthetics. Perfect for office work.
162,CoreX Smartwatch 151Pro,Electronics,CoreX,474.74,3.9,False,CoreX Smartwatch 151Pro - Engineered for gamers and power users. Perfect for office work.
163,Eclipse Hiking Boots 587X,Footwear,Eclipse,1767.31,3.2,False,Eclipse Hiking Boots 587X - Engineered for gamers and power users. Perfect for daily use.
164,Quantum Tablet 374X,Electronics,Quantum,1473.65,1.0,True,Quantum Tablet 374X - Compact and lightweight for easy portability. Perfect for multimedia.
165,CoreX Backpack 523X,Accessories,CoreX,441.96,1.3,True,CoreX Backpack 523X - Built with cutting-edge technology for superior experience. Perfect for office work.
166,NovaTech Ultrabook 999S,Laptops,NovaTech,1910.06,4.4,True,NovaTech Ultrabook 999S - Premium build quality with advanced features. Perfect for multimedia.
167,Orbit VR Headset 880Max,Gaming,Orbit,2509.44,4.5,True,Orbit VR Headset 880Max - Compact and lightweight for easy portability. Perfect for office work.
168,Strive Gaming Console 457X,Gaming,Strive,2491.58,3.0,False,Strive Gaming Console 457X - Optimized for productivity and entertainment. Perfect for daily use.
169,NovaTech Wireless Earbuds 442Max,Audio,NovaTech,2901.35,2.1,False,NovaTech Wireless Earbuds 442Max - High durability with modern aesthetics. Perfect for multimedia.
170,Fusion Gaming Mouse 205Pro,Peripherals,Fusion,56.49,3.7,False,Fusion Gaming Mouse 205Pro - High durability with modern aesthetics. Perfect for multimedia.
171,Nimbus Gaming Mouse 722X,Peripherals,Nimbus,1174.99,4.0,True,Nimbus Gaming Mouse 722X - Designed for everyday performance and reliability. Perfect for multimedia.
172,Volt Bluetooth Speaker 666X,Audio,Volt,501.37,2.6,True,Volt Bluetooth Speaker 666X - Comfortable ergonomic design with long-lasting battery life. Perfect for multimedia.
173,NovaTech Controller 423X,Gaming,NovaTech,1773.68,3.8,False,NovaTech Controller 423X - High durability with modern aesthetics. Perfect for office work.
174,Quantum Gaming Mouse 416S,Peripherals,Quantum,1656.75,3.6,False,Quantum Gaming Mouse 416S - Compact and lightweight for easy portability. Perfect for office work.
175,Nimbus Smartwatch 354Max,Electronics,Nimbus,1605.71,4.6,True,Nimbus Smartwatch 354Max - Optimized for productivity and entertainment. Perfect for office work.
176,Fusion Business Laptop 588Max,Laptops,Fusion,2539.88,4.8,True,Fusion Business Laptop 588Max - Built with cutting-edge technology for superior experience. Perfect for daily use.
177,Volt Gaming Mouse 724Lite,Peripherals,Volt,1575.43,1.3,True,Volt Gaming Mouse 724Lite - Compact and lightweight for easy portability. Perfect for multimedia.
178,Aero Phone Case 880Pro,Accessories,Aero,534.09,3.9,True,Aero Phone Case 880Pro - Built with cutting-edge technology for superior experience. Perfect for travel.
179,Eclipse Gaming Chair 104Max,Gaming,Eclipse,2024.83,4.3,True,Eclipse Gaming Chair 104Max - Compact and lightweight for easy portability. Perfect for daily use.
180,Pulse Ultrabook 741Lite,Laptops,Pulse,1654.77,3.7,False,Pulse Ultrabook 741Lite - Designed for everyday performance and reliability. Perfect for multimedia.
181,Quantum Webcam 325S,Peripherals,Quantum,1447.52,4.5,False,Quantum Webcam 325S - Comfortable ergonomic design with long-lasting battery life. Perfect for gaming.
182,Orbit Gaming Laptop 965Max,Laptops,Orbit,1189.42,4.7,False,Orbit Gaming Laptop 965Max - Built with cutting-edge technology for superior experience. Perfect for office work.
183,Quantum Phone Case 104S,Accessories,Quantum,2027.09,1.3,True,Quantum Phone Case 104S - High durability with modern aesthetics. Perfect for daily use.
184,Eclipse Smartphone 619Pro,Electronics,Eclipse,2965.05,1.6,True,Eclipse Smartphone 619Pro - Optimized for productivity and entertainment. Perfect for gaming.
185,CoreX Phone Case 747S,Accessories,CoreX,2438.4,4.9,False,CoreX Phone Case 747S - High durability with modern aesthetics. Perfect for daily use.
186,Vertex Webcam 782Max,Peripherals,Vertex,499.31,3.4,True,Vertex Webcam 782Max - Built with cutting-edge technology for superior experience. Perfect for gaming.
187,HyperX Sandals 747Pro,Footwear,HyperX,1068.63,4.1,True,HyperX Sandals 747Pro - Engineered for gamers and power users. Perfect for daily use.
188,Aero Phone Case 863S,Accessories,Aero,1584.32,2.0,True,Aero Phone Case 863S - High durability with modern aesthetics. Perfect for gaming.
189,NovaTech Running Shoes 917Max,Footwear,NovaTech,660.99,2.2,True,NovaTech Running Shoes 917Max - Premium build quality with advanced features. Perfect for daily use.
190,Orbit Ultrabook 242Max,Laptops,Orbit,2528.79,1.8,True,Orbit Ultrabook 242Max - Premium build quality with advanced features. Perfect for office work.
191,Prime Business Laptop 559Pro,Laptops,Prime,2439.95,3.1,False,Prime Business Laptop 559Pro - Premium build quality with advanced features. Perfect for multimedia.
192,NovaTech Drone 325S,Electronics,NovaTech,1618.3,4.9,False,NovaTech Drone 325S - Built with cutting-edge technology for superior experience. Perfect for gaming.
193,HyperX Gaming Mouse 143S,Peripherals,HyperX,793.94,1.7,False,HyperX Gaming Mouse 143S - High durability with modern aesthetics. Perfect for gaming.
194,Zenith Hiking Boots 178S,Footwear,Zenith,2119.41,1.5,False,Zenith Hiking Boots 178S - Engineered for gamers and power users. Perfect for office work.
195,NovaTech Bluetooth Speaker 373Max,Audio,NovaTech,1085.98,2.6,False,NovaTech Bluetooth Speaker 373Max - Built with cutting-edge technology for superior experience. Perfect for gaming.
196,CoreX Backpack 371X,Accessories,CoreX,2198.02,1.9,True,CoreX Backpack 371X - Designed for everyday performance and reliability. Perfect for gaming.
197,Quantum Bluetooth Speaker 166X,Audio,Quantum,1253.96,2.3,True,Quantum Bluetooth Speaker 166X - High durability with modern aesthetics. Perfect for daily use.
198,Zenith Running Shoes 568Max,Footwear,Zenith,793.1,3.9,True,Zenith Running Shoes 568Max - Designed for everyday performance and reliability. Perfect for multimedia.
199,CoreX Wireless Earbuds 770Max,Audio,CoreX,1840.93,3.8,False,CoreX Wireless Earbuds 770Max - Comfortable ergonomic design with long-lasting battery life. Perfect for gaming.
200,CoreX Camera 752X,Electronics,CoreX,1619.2,3.0,True,CoreX Camera 752X - Built with cutting-edge technology for superior experience. Perfect for office work.
201,Vertex Wireless Earbuds 264S,Audio,Vertex,189.62,3.1,True,Vertex Wireless Earbuds 264S - Premium build quality with advanced features. Perfect for daily use.
202,Pulse Wireless Earbuds 984Lite,Audio,Pulse,2532.44,3.8,False,Pulse Wireless Earbuds 984Lite - High durability with modern aesthetics. Perfect for office work.
203,Nimbus Ultrabook 157Pro,Laptops,Nimbus,1602.18,3.4,False,Nimbus Ultrabook 157Pro - Optimized for productivity and entertainment. Perfect for daily use.
204,Zenith Ultrabook 422Pro,Laptops,Zenith,1836.7,1.0,False,Zenith Ultrabook 422Pro - Built with cutting-edge technology for superior experience. Perfect for travel.
205,Aero Wireless Earbuds 387Max,Audio,Aero,2150.2,2.8,True,Aero Wireless Earbuds 387Max - Compact and lightweight for easy portability. Perfect for office work.
206,Vertex VR Headset 677Max,Gaming,Vertex,2291.69,4.1,True,Vertex VR Headset 677Max - High durability with modern aesthetics. Perfect for office work.
207,Nimbus Wireless Earbuds 870S,Audio,Nimbus,2237.96,2.6,False,Nimbus Wireless Earbuds 870S - Compact and lightweight for easy portability. Perfect for daily use.
208,CoreX Wireless Earbuds 912Max,Audio,CoreX,155.88,4.3,True,CoreX Wireless Earbuds 912Max - Designed for everyday performance and reliability. Perfect for gaming.
209,Prime Hiking Boots 756Pro,Footwear,Prime,32.48,2.6,True,Prime Hiking Boots 756Pro - Comfortable ergonomic design with long-lasting battery life. Perfect for multimedia.
210,Orbit Smartwatch 448X,Electronics,Orbit,1958.74,4.4,True,Orbit Smartwatch 448X - High durability with modern aesthetics. Perfect for gaming.
211,Nimbus Camera 598Pro,Electronics,Nimbus,176.25,1.9,False,Nimbus Camera 598Pro - Compact and lightweight for easy portability. Perfect for office work.
212,Fusion Smartwatch 521X,Electronics,Fusion,2735.51,2.4,True,Fusion Smartwatch 521X - Compact and lightweight for easy portability. Perfect for multimedia.
213,Orbit Camera 289Max,Electronics,Orbit,1607.5,3.1,True,Orbit Camera 289Max - Premium build quality with advanced features. Perfect for office work.
214,Orbit Mechanical Keyboard 264Max,Peripherals,Orbit,138.04,3.3,False,Orbit Mechanical Keyboard 264Max - Engineered for gamers and power users. Perfect for daily use.
215,Prime Webcam 316Lite,Peripherals,Prime,314.77,3.0,False,Prime Webcam 316Lite - High durability with modern aesthetics. Perfect for travel.
216,CoreX Phone Case 867Lite,Accessories,CoreX,953.63,3.3,False,CoreX Phone Case 867Lite - Comfortable ergonomic design with long-lasting battery life. Perfect for travel.
217,Prime Bluetooth Speaker 183Max,Audio,Prime,963.94,4.9,True,Prime Bluetooth Speaker 183Max - Optimized for productivity and entertainment. Perfect for gaming.
218,HyperX Business Laptop 282Max,Laptops,HyperX,1295.69,2.2,False,HyperX Business Laptop 282Max - Built with cutting-edge technology for superior experience. Perfect for travel.
219,NovaTech Camera 278X,Electronics,NovaTech,2148.76,3.3,False,NovaTech Camera 278X - Premium build quality with advanced features. Perfect for daily use.
220,Aero Smart Wallet 300Pro,Accessories,Aero,1496.49,4.9,True,Aero Smart Wallet 300Pro - Optimized for productivity and entertainment. Perfect for multimedia.
221,Volt Running Shoes 912Pro,Footwear,Volt,2274.49,4.2,True,Volt Running Shoes 912Pro - Optimized for productivity and entertainment. Perfect for daily use.
222,Eclipse Sneakers 712Pro,Footwear,Eclipse,1085.95,3.7,True,Eclipse Sneakers 712Pro - High durability with modern aesthetics. Perfect for multimedia.
223,Quantum Smartphone 583S,Electronics,Quantum,859.89,1.7,False,Quantum Smartphone 583S - Built with cutting-edge technology for superior experience. Perfect for office work.
224,Fusion Smartphone 608S,Electronics,Fusion,1430.47,2.9,False,Fusion Smartphone 608S - Premium build quality with advanced features. Perfect for gaming.
225,HyperX Smart Wallet 435S,Accessories,HyperX,1696.32,2.1,False,HyperX Smart Wallet 435S - Engineered for gamers and power users. Perfect for travel.
226,Pulse Wireless Earbuds 599S,Audio,Pulse,2419.34,4.1,True,Pulse Wireless Earbuds 599S - Built with cutting-edge technology for superior experience. Perfect for gaming.
227,Prime Smartwatch 879S,Electronics,Prime,2281.78,4.5,False,Prime Smartwatch 879S - High durability with modern aesthetics. Perfect for multimedia.
228,HyperX Sneakers 592X,Footwear,HyperX,1000.78,2.8,True,HyperX Sneakers 592X - Premium build quality with advanced features. Perfect for travel.
229,Zenith Wireless Earbuds 881Max,Audio,Zenith,248.79,3.3,True,Zenith Wireless Earbuds 881Max - Optimized for productivity and entertainment. Perfect for office work.
230,Volt Mechanical Keyboard 180S,Peripherals,Volt,979.26,3.2,False,Volt Mechanical Keyboard 180S - Premium build quality with advanced features. Perfect for office work.
231,NovaTech Noise Cancelling Headphones 453S,Audio,NovaTech,677.05,3.0,True,NovaTech Noise Cancelling Headphones 453S - Comfortable ergonomic design with long-lasting battery life. Perfect for daily use.
232,Volt Wireless Earbuds 565X,Audio,Volt,1902.37,2.5,True,Volt Wireless Earbuds 565X - Engineered for gamers and power users. Perfect for travel.
233,Nimbus Bluetooth Speaker 795Max,Audio,Nimbus,1539.98,4.3,False,Nimbus Bluetooth Speaker 795Max - Comfortable ergonomic design with long-lasting battery life. Perfect for multimedia.
234,NovaTech Noise Cancelling Headphones 671S,Audio,NovaTech,167.5,4.5,False,NovaTech Noise Cancelling Headphones 671S - Engineered for gamers and power users. Perfect for travel.
235,Eclipse Gaming Laptop 417S,Laptops,Eclipse,2259.66,1.2,True,Eclipse Gaming Laptop 417S - Designed for everyday performance and reliability. Perfect for multimedia.
236,Zenith Gaming Chair 523S,Gaming,Zenith,184.34,2.9,False,Zenith Gaming Chair 523S - Optimized for productivity and entertainment. Perfect for travel.
237,HyperX VR Headset 509X,Gaming,HyperX,1358.06,4.2,False,HyperX VR Headset 509X - Engineered for gamers and power users. Perfect for travel.
238,Volt Running Shoes 954Lite,Footwear,Volt,2273.18,1.6,True,Volt Running Shoes 954Lite - Optimized for productivity and entertainment. Perfect for multimedia.
239,HyperX Gaming Console 882Lite,Gaming,HyperX,626.47,2.3,False,HyperX Gaming Console 882Lite - Premium build quality with advanced features. Perfect for travel.
240,Zenith Noise Cancelling Headphones 516Lite,Audio,Zenith,1483.75,4.9,False,Zenith Noise Cancelling Headphones 516Lite - Comfortable ergonomic design with long-lasting battery life. Perfect for daily use.
241,HyperX Webcam 362Lite,Peripherals,HyperX,1346.73,4.5,True,HyperX Webcam 362Lite - Designed for everyday performance and reliability. Perfect for multimedia.
242,Quantum Running Shoes 220S,Footwear,Quantum,806.64,4.0,True,Quantum Running Shoes 220S - Premium build quality with advanced features. Perfect for daily use.
243,Eclipse Tablet 349Pro,Electronics,Eclipse,2613.94,3.2,False,Eclipse Tablet 349Pro - Optimized for productivity and entertainment. Perfect for multimedia.
244,Quantum Controller 125Lite,Gaming,Quantum,2820.05,1.3,False,Quantum Controller 125Lite - High durability with modern aesthetics. Perfect for travel.
245,Fusion Sandals 900Lite,Footwear,Fusion,2950.53,3.8,False,Fusion Sandals 900Lite - Designed for everyday performance and reliability. Perfect for daily use.
246,Aero Phone Case 389Lite,Accessories,Aero,548.28,4.7,False,Aero Phone Case 389Lite - Optimized for productivity and entertainment. Perfect for gaming.
247,Zenith Chromebook 450Lite,Laptops,Zenith,2470.35,4.7,False,Zenith Chromebook 450Lite - Premium build quality with advanced features. Perfect for multimedia.
248,HyperX Gaming Mouse 633X,Peripherals,HyperX,2791.73,3.5,False,HyperX Gaming Mouse 633X - Optimized for productivity and entertainment. Perfect for office work.
249,HyperX 4K Monitor 293X,Peripherals,HyperX,880.55,4.0,True,HyperX 4K Monitor 293X - Optimized for productivity and entertainment. Perfect for gaming.
250,Zenith Business Laptop 338Max,Laptops,Zenith,2563.79,3.4,False,Zenith Business Laptop 338Max - Premium build quality with advanced features. Perfect for multimedia.
251,HyperX Gaming Laptop 135S,Laptops,HyperX,1503.69,2.6,False,HyperX Gaming Laptop 135S - Comfortable ergonomic design with long-lasting battery life. Perfect for daily use.
252,NovaTech Gaming Console 944Pro,Gaming,NovaTech,2785.31,4.8,True,NovaTech Gaming Console 944Pro - Designed for everyday performance and reliability. Perfect for travel.
253,Orbit Running Shoes 886Max,Footwear,Orbit,2160.63,3.3,True,Orbit Running Shoes 886Max - High durability with modern aesthetics. Perfect for daily use.
254,Aero Chromebook 112Pro,Laptops,Aero,431.24,4.1,False,Aero Chromebook 112Pro - High durability with modern aesthetics. Perfect for office work.
255,NovaTech Smartwatch 200X,Electronics,NovaTech,1480.22,2.4,False,NovaTech Smartwatch 200X - Built with cutting-edge technology for superior experience. Perfect for gaming.
256,Pulse Noise Cancelling Headphones 265S,Audio,Pulse,1255.12,2.0,True,Pulse Noise Cancelling Headphones 265S - Engineered for gamers and power users. Perfect for travel.
257,Vertex Running Shoes 191S,Footwear,Vertex,731.25,3.0,False,Vertex Running Shoes 191S - High durability with modern aesthetics. Perfect for multimedia.
258,Vertex Ultrabook 685Pro,Laptops,Vertex,2698.64,4.2,False,Vertex Ultrabook 685Pro - Built with cutting-edge technology for superior experience. Perfect for office work.
259,Nimbus Controller 769S,Gaming,Nimbus,1520.62,3.4,True,Nimbus Controller 769S - Comfortable ergonomic design with long-lasting battery life. Perfect for office work.
260,Aero 4K Monitor 365Lite,Peripherals,Aero,718.78,4.2,False,Aero 4K Monitor 365Lite - Compact and lightweight for easy portability. Perfect for gaming.
261,Eclipse Drone 611X,Electronics,Eclipse,1687.75,2.9,False,Eclipse Drone 611X - High durability with modern aesthetics. Perfect for daily use.
262,Orbit Smart Wallet 478Lite,Accessories,Orbit,2767.05,4.2,True,Orbit Smart Wallet 478Lite - Premium build quality with advanced features. Perfect for gaming.
263,Volt VR Headset 824Pro,Gaming,Volt,839.62,1.3,False,Volt VR Headset 824Pro - Designed for everyday performance and reliability. Perfect for daily use.
264,Prime Controller 212X,Gaming,Prime,167.49,2.0,True,Prime Controller 212X - Engineered for gamers and power users. Perfect for office work.
265,Quantum Sneakers 356X,Footwear,Quantum,928.7,4.1,False,Quantum Sneakers 356X - Built with cutting-edge technology for superior experience. Perfect for gaming.
266,Vertex Controller 805S,Gaming,Vertex,2355.55,4.0,False,Vertex Controller 805S - Optimized for productivity and entertainment. Perfect for multimedia.
267,NovaTech Wireless Earbuds 131Lite,Audio,NovaTech,2985.53,3.1,False,NovaTech Wireless Earbuds 131Lite - Designed for everyday performance and reliability. Perfect for office work.
268,Aero Drone 767Max,Electronics,Aero,1123.84,1.0,False,Aero Drone 767Max - Built with cutting-edge technology for superior experience. Perfect for gaming.
269,Vertex Sandals 947Pro,Footwear,Vertex,2159.58,2.0,True,Vertex Sandals 947Pro - Engineered for gamers and power users. Perfect for office work.
270,Quantum Gaming Console 136Lite,Gaming,Quantum,2669.19,3.3,True,Quantum Gaming Console 136Lite - High durability with modern aesthetics. Perfect for daily use.
271,Strive Smart Wallet 255S,Accessories,Strive,1903.26,2.6,False,Strive Smart Wallet 255S - Designed for everyday performance and reliability. Perfect for daily use.
272,Eclipse Ultrabook 308S,Laptops,Eclipse,2639.42,4.4,False,Eclipse Ultrabook 308S - Comfortable ergonomic design with long-lasting battery life. Perfect for daily use.
273,CoreX Smartwatch 439Pro,Electronics,CoreX,2058.05,3.5,False,CoreX Smartwatch 439Pro - Compact and lightweight for easy portability. Perfect for office work.
274,HyperX Smartphone 500Pro,Electronics,HyperX,859.86,1.9,False,HyperX Smartphone 500Pro - Premium build quality with advanced features. Perfect for daily use.
275,Eclipse Gaming Console 174Max,Gaming,Eclipse,1125.34,1.3,True,Eclipse Gaming Console 174Max - Optimized for productivity and entertainment. Perfect for daily use.
276,Vertex Gaming Console 595S,Gaming,Vertex,2278.01,3.3,False,Vertex Gaming Console 595S - Comfortable ergonomic design with long-lasting battery life. Perfect for daily use.
277,Prime Camera 602Max,Electronics,Prime,150.85,4.7,False,Prime Camera 602Max - Compact and lightweight for easy portability. Perfect for office work.
278,Nimbus Noise Cancelling Headphones 750X,Audio,Nimbus,1544.93,2.1,True,Nimbus Noise Cancelling Headphones 750X - Compact and lightweight for easy portability. Perfect for daily use.
279,Nimbus Wireless Earbuds 175Pro,Audio,Nimbus,1230.87,2.2,False,Nimbus Wireless Earbuds 175Pro - Comfortable ergonomic design with long-lasting battery life. Perfect for gaming.
280,Nimbus Sandals 296Max,Footwear,Nimbus,1036.37,2.4,True,Nimbus Sandals 296Max - Comfortable ergonomic design with long-lasting battery life. Perfect for office work.
281,Pulse Hiking Boots 985Pro,Footwear,Pulse,2311.9,1.7,False,Pulse Hiking Boots 985Pro - Optimized for productivity and entertainment. Perfect for multimedia.
282,NovaTech Gaming Chair 411Max,Gaming,NovaTech,1575.88,1.5,False,NovaTech Gaming Chair 411Max - Built with cutting-edge technology for superior experience. Perfect for multimedia.
283,HyperX Gaming Chair 900Lite,Gaming,HyperX,409.77,2.0,True,HyperX Gaming Chair 900Lite - Premium build quality with advanced features. Perfect for gaming.
284,Vertex Drone 884Lite,Electronics,Vertex,746.47,2.4,True,Vertex Drone 884Lite - Comfortable ergonomic design with long-lasting battery life. Perfect for gaming.
285,Nimbus Tablet 348Max,Electronics,Nimbus,2360.3,4.5,False,Nimbus Tablet 348Max - Comfortable ergonomic design with long-lasting battery life. Perfect for travel.
286,Fusion VR Headset 821Max,Gaming,Fusion,832.7,4.3,False,Fusion VR Headset 821Max - Compact and lightweight for easy portability. Perfect for travel.
287,Pulse Webcam 707X,Peripherals,Pulse,1820.04,2.7,True,Pulse Webcam 707X - High durability with modern aesthetics. Perfect for gaming.
288,Vertex Mechanical Keyboard 207S,Peripherals,Vertex,1187.66,1.3,True,Vertex Mechanical Keyboard 207S - Built with cutting-edge technology for superior experience. Perfect for gaming.
289,Aero Bluetooth Speaker 191S,Audio,Aero,194.88,1.6,False,Aero Bluetooth Speaker 191S - High durability with modern aesthetics. Perfect for gaming.
290,HyperX Smartwatch 164S,Electronics,HyperX,668.71,1.1,True,HyperX Smartwatch 164S - Optimized for productivity and entertainment. Perfect for office work.
291,Prime Soundbar 500Max,Audio,Prime,575.7,1.7,False,Prime Soundbar 500Max - Comfortable ergonomic design with long-lasting battery life. Perfect for travel.
292,Strive Drone 696Max,Electronics,Strive,2909.03,4.9,False,Strive Drone 696Max - Comfortable ergonomic design with long-lasting battery life. Perfect for office work.
293,Fusion Backpack 865X,Accessories,Fusion,2360.07,4.3,False,Fusion Backpack 865X - Comfortable ergonomic design with long-lasting battery life. Perfect for office work.
294,Strive Hiking Boots 203Lite,Footwear,Strive,1001.97,1.6,False,Strive Hiking Boots 203Lite - Premium build quality with advanced features. Perfect for office work.
295,Prime Camera 230X,Electronics,Prime,2848.02,4.8,True,Prime Camera 230X - Optimized for productivity and entertainment. Perfect for multimedia.
296,Fusion Smart Wallet 544Max,Accessories,Fusion,187.6,4.4,False,Fusion Smart Wallet 544Max - Premium build quality with advanced features. Perfect for office work.
297,HyperX Sneakers 965Max,Footwear,HyperX,988.94,3.0,False,HyperX Sneakers 965Max - Optimized for productivity and entertainment. Perfect for daily use.
298,HyperX Business Laptop 154Max,Laptops,HyperX,2404.03,2.7,True,HyperX Business Laptop 154Max - Comfortable ergonomic design with long-lasting battery life. Perfect for multimedia.
299,CoreX Business Laptop 109X,Laptops,CoreX,1129.37,4.2,False,CoreX Business Laptop 109X - Comfortable ergonomic design with long-lasting battery life. Perfect for office work.
300,Fusion VR Headset 271Max,Gaming,Fusion,341.71,4.5,False,Fusion VR Headset 271Max - Premium build quality with advanced features. Perfect for travel.
301,HyperX Bluetooth Speaker 349Max,Audio,HyperX,1291.42,1.2,False,HyperX Bluetooth Speaker 349Max - Designed for everyday performance and reliability. Perfect for gaming.
302,Fusion Running Shoes 823Pro,Footwear,Fusion,477.57,3.8,True,Fusion Running Shoes 823Pro - Designed for everyday performance and reliability. Perfect for travel.
303,Volt Laptop Sleeve 731Lite,Accessories,Volt,269.07,2.1,False,Volt Laptop Sleeve 731Lite - Designed for everyday performance and reliability. Perfect for gaming.
304,CoreX Gaming Console 551X,Gaming,CoreX,112.65,1.4,False,CoreX Gaming Console 551X - Premium build quality with advanced features. Perfect for gaming.
305,HyperX Sandals 797S,Footwear,HyperX,590.67,2.5,False,HyperX Sandals 797S - Compact and lightweight for easy portability. Perfect for daily use.
306,NovaTech Gaming Console 745X,Gaming,NovaTech,1372.82,2.4,False,NovaTech Gaming Console 745X - Optimized for productivity and entertainment. Perfect for travel.
307,Volt Noise Cancelling Headphones 416S,Audio,Volt,176.2,1.4,False,Volt Noise Cancelling Headphones 416S - Comfortable ergonomic design with long-lasting battery life. Perfect for gaming.
308,Volt Camera 348Lite,Electronics,Volt,683.74,4.6,False,Volt Camera 348Lite - Compact and lightweight for easy portability. Perfect for gaming.
309,Prime Gaming Console 314S,Gaming,Prime,2680.48,4.3,False,Prime Gaming Console 314S - Optimized for productivity and entertainment. Perfect for multimedia.
310,NovaTech Backpack 526S,Accessories,NovaTech,2177.88,4.0,True,NovaTech Backpack 526S - Built with cutting-edge technology for superior experience. Perfect for gaming.
311,Pulse Mechanical Keyboard 189S,Peripherals,Pulse,2031.58,4.0,False,Pulse Mechanical Keyboard 189S - High durability with modern aesthetics. Perfect for daily use.
312,Prime Ultrabook 262Lite,Laptops,Prime,944.19,4.2,False,Prime Ultrabook 262Lite - Optimized for productivity and entertainment. Perfect for daily use.
313,Nimbus Smartwatch 359Lite,Electronics,Nimbus,755.58,1.2,False,Nimbus Smartwatch 359Lite - Built with cutting-edge technology for superior experience. Perfect for office work.
314,NovaTech Soundbar 194Pro,Audio,NovaTech,2248.37,4.8,True,NovaTech Soundbar 194Pro - Built with cutting-edge technology for superior experience. Perfect for gaming.
315,Zenith Laptop Sleeve 799Lite,Accessories,Zenith,1993.54,3.0,False,Zenith Laptop Sleeve 799Lite - Compact and lightweight for easy portability. Perfect for multimedia.
316,CoreX VR Headset 242S,Gaming,CoreX,363.55,4.0,True,CoreX VR Headset 242S - Built with cutting-edge technology for superior experience. Perfect for gaming.
317,Zenith Controller 686Lite,Gaming,Zenith,1112.24,2.9,True,Zenith Controller 686Lite - Comfortable ergonomic design with long-lasting battery life. Perfect for multimedia.
318,Orbit Gaming Console 885S,Gaming,Orbit,2234.99,3.6,True,Orbit Gaming Console 885S - Comfortable ergonomic design with long-lasting battery life. Perfect for office work.
319,CoreX Webcam 174X,Peripherals,CoreX,2622.19,2.5,False,CoreX Webcam 174X - Engineered for gamers and power users. Perfect for multimedia.
320,Aero Controller 315S,Gaming,Aero,1795.59,3.0,False,Aero Controller 315S - Premium build quality with advanced features. Perfect for gaming.
321,Nimbus VR Headset 132Max,Gaming,Nimbus,501.24,4.4,False,Nimbus VR Headset 132Max - Designed for everyday performance and reliability. Perfect for multimedia.
322,Orbit Mechanical Keyboard 724Lite,Peripherals,Orbit,2747.14,4.0,True,Orbit Mechanical Keyboard 724Lite - Premium build quality with advanced features. Perfect for daily use.
323,Quantum Wireless Earbuds 780Max,Audio,Quantum,2896.72,1.8,True,Quantum Wireless Earbuds 780Max - Comfortable ergonomic design with long-lasting battery life. Perfect for multimedia.
324,Prime Noise Cancelling Headphones 783Pro,Audio,Prime,2510.02,4.5,False,Prime Noise Cancelling Headphones 783Pro - Engineered for gamers and power users. Perfect for travel.
325,CoreX Hiking Boots 403Max,Footwear,CoreX,2089.15,3.3,True,CoreX Hiking Boots 403Max - Optimized for productivity and entertainment. Perfect for daily use.
326,Nimbus Tablet 791Lite,Electronics,Nimbus,2288.7,4.7,False,Nimbus Tablet 791Lite - Comfortable ergonomic design with long-lasting battery life. Perfect for multimedia.
327,Nimbus Backpack 313Max,Accessories,Nimbus,1170.17,1.4,False,Nimbus Backpack 313Max - Premium build quality with advanced features. Perfect for multimedia.
328,CoreX Smartwatch 851Max,Electronics,CoreX,2533.92,2.9,False,CoreX Smartwatch 851Max - Optimized for productivity and entertainment. Perfect for office work.
329,Prime VR Headset 200Pro,Gaming,Prime,2805.29,1.2,False,Prime VR Headset 200Pro - Compact and lightweight for easy portability. Perfect for travel.
330,Fusion VR Headset 520Lite,Gaming,Fusion,1612.48,3.4,True,Fusion VR Headset 520Lite - Built with cutting-edge technology for superior experience. Perfect for daily use.
331,HyperX Chromebook 419X,Laptops,HyperX,1346.94,3.6,True,HyperX Chromebook 419X - Comfortable ergonomic design with long-lasting battery life. Perfect for office work.
332,Quantum Noise Cancelling Headphones 211Max,Audio,Quantum,464.71,3.0,True,Quantum Noise Cancelling Headphones 211Max - Engineered for gamers and power users. Perfect for multimedia.
333,Orbit Business Laptop 236Max,Laptops,Orbit,46.4,2.2,False,Orbit Business Laptop 236Max - Comfortable ergonomic design with long-lasting battery life. Perfect for travel.
334,Orbit Sneakers 210Max,Footwear,Orbit,421.76,3.0,True,Orbit Sneakers 210Max - Premium build quality with advanced features. Perfect for office work.
335,Aero Smart Wallet 751Max,Accessories,Aero,694.73,1.8,True,Aero Smart Wallet 751Max - Premium build quality with advanced features. Perfect for daily use.
336,Fusion Gaming Console 531Lite,Gaming,Fusion,1804.67,1.9,True,Fusion Gaming Console 531Lite - Compact and lightweight for easy portability. Perfect for multimedia.
337,CoreX 4K Monitor 918S,Peripherals,CoreX,606.2,1.5,True,CoreX 4K Monitor 918S - Comfortable ergonomic design with long-lasting battery life. Perfect for travel.
338,Aero VR Headset 813Pro,Gaming,Aero,2694.52,4.5,False,Aero VR Headset 813Pro - Comfortable ergonomic design with long-lasting battery life. Perfect for office work.
339,Pulse Business Laptop 282Max,Laptops,Pulse,1775.29,1.0,False,Pulse Business Laptop 282Max - Designed for everyday performance and reliability. Perfect for multimedia.
340,Quantum Webcam 513Max,Peripherals,Quantum,847.18,3.7,False,Quantum Webcam 513Max - Comfortable ergonomic design with long-lasting battery life. Perfect for multimedia.
341,Fusion Chromebook 417Pro,Laptops,Fusion,2615.12,3.8,True,Fusion Chromebook 417Pro - Compact and lightweight for easy portability. Perfect for multimedia.
342,Volt Sneakers 405Max,Footwear,Volt,1960.59,4.6,False,Volt Sneakers 405Max - Engineered for gamers and power users. Perfect for multimedia.
343,NovaTech Controller 911Lite,Gaming,NovaTech,306.31,2.0,True,NovaTech Controller 911Lite - Engineered for gamers and power users. Perfect for gaming.
344,Pulse Backpack 967S,Accessories,Pulse,395.69,3.5,True,Pulse Backpack 967S - Engineered for gamers and power users. Perfect for travel.
345,HyperX Gaming Mouse 445Pro,Peripherals,HyperX,2099.24,4.0,True,HyperX Gaming Mouse 445Pro - Designed for everyday performance and reliability. Perfect for multimedia.
346,Orbit Smart Wallet 580Max,Accessories,Orbit,28.82,1.8,True,Orbit Smart Wallet 580Max - Premium build quality with advanced features. Perfect for gaming.
347,Pulse VR Headset 885S,Gaming,Pulse,1226.62,1.7,False,Pulse VR Headset 885S - Compact and lightweight for easy portability. Perfect for daily use.
348,Pulse Hiking Boots 401Lite,Footwear,Pulse,1265.14,3.0,True,Pulse Hiking Boots 401Lite - Premium build quality with advanced features. Perfect for travel.
349,Aero Wireless Earbuds 474S,Audio,Aero,1947.23,3.5,True,Aero Wireless Earbuds 474S - Compact and lightweight for easy portability. Perfect for travel.
350,Orbit Backpack 629Max,Accessories,Orbit,2796.13,1.7,True,Orbit Backpack 629Max - Engineered for gamers and power users. Perfect for multimedia.
351,Aero Laptop Sleeve 791Max,Accessories,Aero,2372.11,4.5,True,Aero Laptop Sleeve 791Max - Engineered for gamers and power users. Perfect for gaming.
352,Fusion Noise Cancelling Headphones 669Max,Audio,Fusion,1115.38,4.3,True,Fusion Noise Cancelling Headphones 669Max - Designed for everyday performance and reliability. Perfect for travel.
353,Zenith Gaming Laptop 892S,Laptops,Zenith,976.25,4.7,False,Zenith Gaming Laptop 892S - Optimized for productivity and entertainment. Perfect for travel.
354,Strive Soundbar 172Pro,Audio,Strive,652.78,4.2,False,Strive Soundbar 172Pro - Designed for everyday performance and reliability. Perfect for multimedia.
355,Vertex Gaming Console 297X,Gaming,Vertex,1401.34,1.3,False,Vertex Gaming Console 297X - Compact and lightweight for easy portability. Perfect for office work.
356,Zenith Smart Wallet 907S,Accessories,Zenith,2082.25,2.1,True,Zenith Smart Wallet 907S - High durability with modern aesthetics. Perfect for office work.
357,NovaTech Gaming Chair 481Pro,Gaming,NovaTech,1303.15,1.3,False,NovaTech Gaming Chair 481Pro - High durability with modern aesthetics. Perfect for travel.
358,CoreX VR Headset 933Max,Gaming,CoreX,504.48,1.2,False,CoreX VR Headset 933Max - Premium build quality with advanced features. Perfect for gaming.
359,Quantum Business Laptop 100Max,Laptops,Quantum,2756.75,4.0,False,Quantum Business Laptop 100Max - High durability with modern aesthetics. Perfect for gaming.
360,Orbit Backpack 984S,Accessories,Orbit,1236.31,4.4,False,Orbit Backpack 984S - Engineered for gamers and power users. Perfect for gaming.
361,Prime Soundbar 479Max,Audio,Prime,659.76,1.9,True,Prime Soundbar 479Max - Compact and lightweight for easy portability. Perfect for daily use.
362,Pulse Smart Wallet 706X,Accessories,Pulse,2545.43,4.9,True,Pulse Smart Wallet 706X - Built with cutting-edge technology for superior experience. Perfect for multimedia.
363,Eclipse 4K Monitor 392X,Peripherals,Eclipse,2149.08,1.3,False,Eclipse 4K Monitor 392X - Engineered for gamers and power users. Perfect for daily use.
364,Strive Tablet 619S,Electronics,Strive,228.53,4.7,False,Strive Tablet 619S - Compact and lightweight for easy portability. Perfect for gaming.
365,Nimbus Backpack 849S,Accessories,Nimbus,1308.47,2.5,True,Nimbus Backpack 849S - Premium build quality with advanced features. Perfect for gaming.
366,Quantum Tablet 882Max,Electronics,Quantum,1872.96,4.0,True,Quantum Tablet 882Max - Built with cutting-edge technology for superior experience. Perfect for multimedia.
367,Strive Wireless Earbuds 515S,Audio,Strive,1888.57,2.2,False,Strive Wireless Earbuds 515S - Built with cutting-edge technology for superior experience. Perfect for gaming.
368,Strive Smart Wallet 640Max,Accessories,Strive,322.69,2.8,True,Strive Smart Wallet 640Max - High durability with modern aesthetics. Perfect for office work.
369,Orbit Gaming Laptop 742Max,Laptops,Orbit,458.45,3.1,False,Orbit Gaming Laptop 742Max - Comfortable ergonomic design with long-lasting battery life. Perfect for travel.
370,Zenith Business Laptop 521Max,Laptops,Zenith,2143.77,1.5,False,Zenith Business Laptop 521Max - Optimized for productivity and entertainment. Perfect for office work.
371,Prime VR Headset 145Pro,Gaming,Prime,1183.04,4.6,True,Prime VR Headset 145Pro - Designed for everyday performance and reliability. Perfect for daily use.
372,CoreX Wireless Earbuds 830X,Audio,CoreX,1506.68,3.3,False,CoreX Wireless Earbuds 830X - Premium build quality with advanced features. Perfect for multimedia.
373,Fusion Gaming Mouse 982Max,Peripherals,Fusion,2756.15,1.5,False,Fusion Gaming Mouse 982Max - Engineered for gamers and power users. Perfect for gaming.
374,Volt Webcam 190S,Peripherals,Volt,1361.21,2.9,False,Volt Webcam 190S - Engineered for gamers and power users. Perfect for gaming.
375,Fusion Soundbar 548Max,Audio,Fusion,1229.35,1.3,False,Fusion Soundbar 548Max - Premium build quality with advanced features. Perfect for travel.
376,Pulse Ultrabook 982X,Laptops,Pulse,1540.43,4.6,True,Pulse Ultrabook 982X - Comfortable ergonomic design with long-lasting battery life. Perfect for office work.
377,Strive Laptop Sleeve 745Lite,Accessories,Strive,2215.84,4.8,False,Strive Laptop Sleeve 745Lite - High durability with modern aesthetics. Perfect for gaming.
378,Nimbus Wireless Earbuds 777Pro,Audio,Nimbus,147.99,4.3,True,Nimbus Wireless Earbuds 777Pro - Premium build quality with advanced features. Perfect for daily use.
379,Orbit Hiking Boots 226Lite,Footwear,Orbit,178.28,2.1,False,Orbit Hiking Boots 226Lite - High durability with modern aesthetics. Perfect for daily use.
380,Volt Sandals 922X,Footwear,Volt,541.84,1.7,False,Volt Sandals 922X - Built with cutting-edge technology for superior experience. Perfect for daily use.
381,Orbit VR Headset 238Lite,Gaming,Orbit,1307.73,4.6,False,Orbit VR Headset 238Lite - High durability with modern aesthetics. Perfect for office work.
382,Eclipse Webcam 545S,Peripherals,Eclipse,82.62,4.5,True,Eclipse Webcam 545S - Comfortable ergonomic design with long-lasting battery life. Perfect for office work.
383,Prime Drone 222S,Electronics,Prime,478.94,1.6,True,Prime Drone 222S - Designed for everyday performance and reliability. Perfect for travel.
384,NovaTech Ultrabook 155Pro,Laptops,NovaTech,2760.35,1.2,False,NovaTech Ultrabook 155Pro - Optimized for productivity and entertainment. Perfect for office work.
385,Orbit Sneakers 154S,Footwear,Orbit,1066.51,4.5,False,Orbit Sneakers 154S - Premium build quality with advanced features. Perfect for gaming.
386,Prime Ultrabook 914X,Laptops,Prime,408.46,1.8,True,Prime Ultrabook 914X - Compact and lightweight for easy portability. Perfect for travel.
387,Nimbus Smartphone 421S,Electronics,Nimbus,102.24,3.3,True,Nimbus Smartphone 421S - Comfortable ergonomic design with long-lasting battery life. Perfect for multimedia.
388,Strive Smartphone 365S,Electronics,Strive,2275.99,4.7,True,Strive Smartphone 365S - High durability with modern aesthetics. Perfect for multimedia.
389,Volt Camera 121Pro,Electronics,Volt,2966.44,1.3,True,Volt Camera 121Pro - Premium build quality with advanced features. Perfect for gaming.
390,Strive Hiking Boots 354X,Footwear,Strive,461.24,4.6,True,Strive Hiking Boots 354X - High durability with modern aesthetics. Perfect for daily use.
391,Eclipse Phone Case 873Lite,Accessories,Eclipse,1025.5,2.2,True,Eclipse Phone Case 873Lite - Optimized for productivity and entertainment. Perfect for daily use.
392,Volt Drone 396Lite,Electronics,Volt,1633.75,2.6,True,Volt Drone 396Lite - Comfortable ergonomic design with long-lasting battery life. Perfect for office work.
393,Orbit Hiking Boots 899Max,Footwear,Orbit,2311.63,4.4,True,Orbit Hiking Boots 899Max - Premium build quality with advanced features. Perfect for daily use.
394,Strive Backpack 704Pro,Accessories,Strive,1143.73,1.5,True,Strive Backpack 704Pro - Built with cutting-edge technology for superior experience. Perfect for gaming.
395,Nimbus Wireless Earbuds 707S,Audio,Nimbus,1637.51,3.3,False,Nimbus Wireless Earbuds 707S - Optimized for productivity and entertainment. Perfect for gaming.
396,Pulse Noise Cancelling Headphones 930X,Audio,Pulse,1843.41,1.9,True,Pulse Noise Cancelling Headphones 930X - Comfortable ergonomic design with long-lasting battery life. Perfect for multimedia.
397,Quantum Sandals 931S,Footwear,Quantum,2448.7,4.1,True,Quantum Sandals 931S - Designed for everyday performance and reliability. Perfect for office work.
398,Strive Drone 537Lite,Electronics,Strive,2286.41,1.8,False,Strive Drone 537Lite - Compact and lightweight for easy portability. Perfect for daily use.
399,Vertex Tablet 419Max,Electronics,Vertex,2739.39,1.3,False,Vertex Tablet 419Max - High durability with modern aesthetics. Perfect for travel.
400,Aero Sandals 637S,Footwear,Aero,171.68,1.3,True,Aero Sandals 637S - Built with cutting-edge technology for superior experience. Perfect for multimedia.
401,Orbit Ultrabook 988X,Laptops,Orbit,2005.59,2.3,True,Orbit Ultrabook 988X - Comfortable ergonomic design with long-lasting battery life. Perfect for multimedia.
402,Prime Camera 821Lite,Electronics,Prime,231.31,1.4,True,Prime Camera 821Lite - Optimized for productivity and entertainment. Perfect for daily use.
403,Quantum Gaming Console 508S,Gaming,Quantum,444.52,4.4,True,Quantum Gaming Console 508S - Premium build quality with advanced features. Perfect for multimedia.
404,Strive Chromebook 315S,Laptops,Strive,2747.08,2.0,False,Strive Chromebook 315S - Comfortable ergonomic design with long-lasting battery life. Perfect for multimedia.
405,Eclipse Gaming Laptop 805S,Laptops,Eclipse,1368.23,4.4,False,Eclipse Gaming Laptop 805S - Compact and lightweight for easy portability. Perfect for daily use.
406,Strive Gaming Mouse 252Pro,Peripherals,Strive,1523.86,3.4,False,Strive Gaming Mouse 252Pro - Optimized for productivity and entertainment. Perfect for travel.
407,Quantum Sandals 439Max,Footwear,Quantum,1177.02,4.8,False,Quantum Sandals 439Max - Compact and lightweight for easy portability. Perfect for multimedia.
408,NovaTech Drone 767Pro,Electronics,NovaTech,66.03,2.8,True,NovaTech Drone 767Pro - Comfortable ergonomic design with long-lasting battery life. Perfect for daily use.
409,Eclipse Chromebook 230Max,Laptops,Eclipse,2104.53,4.0,False,Eclipse Chromebook 230Max - Built with cutting-edge technology for superior experience. Perfect for daily use.
410,NovaTech Chromebook 729Max,Laptops,NovaTech,677.12,1.3,True,NovaTech Chromebook 729Max - Comfortable ergonomic design with long-lasting battery life. Perfect for multimedia.
411,HyperX Phone Case 563Max,Accessories,HyperX,2251.54,1.2,False,HyperX Phone Case 563Max - Optimized for productivity and entertainment. Perfect for daily use.
412,Strive Wireless Earbuds 337Max,Audio,Strive,2331.37,4.0,False,Strive Wireless Earbuds 337Max - Built with cutting-edge technology for superior experience. Perfect for daily use.
413,Pulse Drone 110S,Electronics,Pulse,1059.84,3.3,False,Pulse Drone 110S - Optimized for productivity and entertainment. Perfect for office work.
414,HyperX Webcam 192X,Peripherals,HyperX,2899.19,1.0,False,HyperX Webcam 192X - Compact and lightweight for easy portability. Perfect for gaming.
415,Volt Smart Wallet 896Pro,Accessories,Volt,2976.98,4.5,False,Volt Smart Wallet 896Pro - Designed for everyday performance and reliability. Perfect for office work.
416,Orbit Webcam 469Max,Peripherals,Orbit,2590.02,4.9,True,Orbit Webcam 469Max - Premium build quality with advanced features. Perfect for multimedia.
417,Orbit Drone 482X,Electronics,Orbit,2524.11,2.7,True,Orbit Drone 482X - Built with cutting-edge technology for superior experience. Perfect for multimedia.
418,Eclipse Wireless Earbuds 162Lite,Audio,Eclipse,1714.15,4.2,False,Eclipse Wireless Earbuds 162Lite - Compact and lightweight for easy portability. Perfect for office work.
419,NovaTech Wireless Earbuds 344Max,Audio,NovaTech,2304.71,3.1,True,NovaTech Wireless Earbuds 344Max - Optimized for productivity and entertainment. Perfect for multimedia.
420,HyperX Ultrabook 961Lite,Laptops,HyperX,1691.45,1.2,True,HyperX Ultrabook 961Lite - Premium build quality with advanced features. Perfect for gaming.
421,Zenith Backpack 477Lite,Accessories,Zenith,2276.14,3.3,False,Zenith Backpack 477Lite - Optimized for productivity and entertainment. Perfect for travel.
422,Zenith Camera 723S,Electronics,Zenith,1279.1,2.9,True,Zenith Camera 723S - Compact and lightweight for easy portability. Perfect for multimedia.
423,Vertex Ultrabook 573Max,Laptops,Vertex,2630.71,1.2,False,Vertex Ultrabook 573Max - Optimized for productivity and entertainment. Perfect for daily use.
424,Volt Gaming Mouse 503Lite,Peripherals,Volt,1635.17,3.2,True,Volt Gaming Mouse 503Lite - Designed for everyday performance and reliability. Perfect for office work.
425,Pulse Smart Wallet 482S,Accessories,Pulse,706.88,1.7,False,Pulse Smart Wallet 482S - High durability with modern aesthetics. Perfect for travel.
426,Aero Mechanical Keyboard 384S,Peripherals,Aero,1009.56,3.9,False,Aero Mechanical Keyboard 384S - Engineered for gamers and power users. Perfect for gaming.
427,HyperX Gaming Laptop 773Max,Laptops,HyperX,1835.49,2.1,False,HyperX Gaming Laptop 773Max - Engineered for gamers and power users. Perfect for gaming.
428,Eclipse Phone Case 688Pro,Accessories,Eclipse,874.67,1.3,False,Eclipse Phone Case 688Pro - Engineered for gamers and power users. Perfect for travel.
429,Vertex 4K Monitor 124Pro,Peripherals,Vertex,1199.73,4.0,True,Vertex 4K Monitor 124Pro - Engineered for gamers and power users. Perfect for daily use.
430,Prime Controller 787X,Gaming,Prime,73.27,3.3,False,Prime Controller 787X - Comfortable ergonomic design with long-lasting battery life. Perfect for travel.
431,Eclipse Smartphone 110S,Electronics,Eclipse,660.96,4.9,False,Eclipse Smartphone 110S - Compact and lightweight for easy portability. Perfect for daily use.
432,Aero Webcam 706X,Peripherals,Aero,487.73,4.5,False,Aero Webcam 706X - Comfortable ergonomic design with long-lasting battery life. Perfect for daily use.
433,Fusion Smart Wallet 638Pro,Accessories,Fusion,1491.82,1.7,True,Fusion Smart Wallet 638Pro - Premium build quality with advanced features. Perfect for gaming.
434,Aero Gaming Mouse 699Pro,Peripherals,Aero,676.78,3.5,True,Aero Gaming Mouse 699Pro - Optimized for productivity and entertainment. Perfect for daily use.
435,NovaTech Bluetooth Speaker 883Pro,Audio,NovaTech,1011.87,2.7,False,NovaTech Bluetooth Speaker 883Pro - Compact and lightweight for easy portability. Perfect for daily use.
436,Prime Webcam 635S,Peripherals,Prime,2385.02,4.9,True,Prime Webcam 635S - Premium build quality with advanced features. Perfect for multimedia.
437,Vertex Backpack 460Max,Accessories,Vertex,165.07,1.0,True,Vertex Backpack 460Max - Built with cutting-edge technology for superior experience. Perfect for travel.
438,Orbit Mechanical Keyboard 929X,Peripherals,Orbit,2341.09,2.6,True,Orbit Mechanical Keyboard 929X - Engineered for gamers and power users. Perfect for office work.
439,Fusion Gaming Laptop 214X,Laptops,Fusion,81.44,1.3,False,Fusion Gaming Laptop 214X - High durability with modern aesthetics. Perfect for travel.
440,Prime Hiking Boots 598S,Footwear,Prime,2099.49,1.8,False,Prime Hiking Boots 598S - Engineered for gamers and power users. Perfect for office work.
441,Strive Noise Cancelling Headphones 464Pro,Audio,Strive,2906.65,1.3,False,Strive Noise Cancelling Headphones 464Pro - Premium build quality with advanced features. Perfect for gaming.
442,Quantum Running Shoes 268X,Footwear,Quantum,1107.32,2.2,True,Quantum Running Shoes 268X - Comfortable ergonomic design with long-lasting battery life. Perfect for daily use.
443,Vertex Laptop Sleeve 959S,Accessories,Vertex,2995.69,4.2,True,Vertex Laptop Sleeve 959S - Premium build quality with advanced features. Perfect for travel.
444,Strive Running Shoes 997Pro,Footwear,Strive,1711.45,4.9,True,Strive Running Shoes 997Pro - Optimized for productivity and entertainment. Perfect for travel.
445,Zenith Sneakers 728S,Footwear,Zenith,1488.47,3.3,False,Zenith Sneakers 728S - Premium build quality with advanced features. Perfect for office work.
446,Pulse Gaming Chair 212S,Gaming,Pulse,2218.85,2.4,True,Pulse Gaming Chair 212S - Compact and lightweight for easy portability. Perfect for gaming.
447,Orbit Phone Case 210Pro,Accessories,Orbit,709.6,2.6,True,Orbit Phone Case 210Pro - Built with cutting-edge technology for superior experience. Perfect for multimedia.
448,Pulse Running Shoes 957X,Footwear,Pulse,1943.5,1.7,True,Pulse Running Shoes 957X - Designed for everyday performance and reliability. Perfect for gaming.
449,Orbit 4K Monitor 651Max,Peripherals,Orbit,2861.41,4.9,False,Orbit 4K Monitor 651Max - Engineered for gamers and power users. Perfect for daily use.
450,Zenith Running Shoes 125X,Footwear,Zenith,1688.12,3.7,False,Zenith Running Shoes 125X - Compact and lightweight for easy portability. Perfect for multimedia.
451,Pulse Chromebook 249Pro,Laptops,Pulse,326.84,4.9,True,Pulse Chromebook 249Pro - Optimized for productivity and entertainment. Perfect for office work.
452,CoreX Phone Case 757S,Accessories,CoreX,368.09,2.4,True,CoreX Phone Case 757S - Engineered for gamers and power users. Perfect for daily use.
453,Nimbus Wireless Earbuds 125Pro,Audio,Nimbus,2196.94,4.6,True,Nimbus Wireless Earbuds 125Pro - Comfortable ergonomic design with long-lasting battery life. Perfect for travel.
454,CoreX Gaming Mouse 296X,Peripherals,CoreX,222.68,1.4,True,CoreX Gaming Mouse 296X - Premium build quality with advanced features. Perfect for travel.
455,Eclipse Smartphone 376Pro,Electronics,Eclipse,1491.92,1.1,False,Eclipse Smartphone 376Pro - Comfortable ergonomic design with long-lasting battery life. Perfect for daily use.
456,Nimbus Bluetooth Speaker 593Lite,Audio,Nimbus,1536.22,3.2,True,Nimbus Bluetooth Speaker 593Lite - Engineered for gamers and power users. Perfect for travel.
457,Zenith Webcam 649Lite,Peripherals,Zenith,1636.92,4.5,False,Zenith Webcam 649Lite - Engineered for gamers and power users. Perfect for gaming.
458,Nimbus Gaming Laptop 154Pro,Laptops,Nimbus,2973.42,2.8,True,Nimbus Gaming Laptop 154Pro - Built with cutting-edge technology for superior experience. Perfect for multimedia.
459,Eclipse Smartwatch 970Pro,Electronics,Eclipse,1454.67,5.0,True,Eclipse Smartwatch 970Pro - High durability with modern aesthetics. Perfect for travel.
460,NovaTech Tablet 943Pro,Electronics,NovaTech,704.25,2.7,True,NovaTech Tablet 943Pro - Compact and lightweight for easy portability. Perfect for office work.
461,Strive Smartwatch 858Lite,Electronics,Strive,2713.82,1.4,True,Strive Smartwatch 858Lite - Optimized for productivity and entertainment. Perfect for gaming.
462,Zenith Gaming Laptop 283Lite,Laptops,Zenith,897.0,5.0,False,Zenith Gaming Laptop 283Lite - Built with cutting-edge technology for superior experience. Perfect for gaming.
463,Eclipse Wireless Earbuds 351Max,Audio,Eclipse,1759.99,3.2,True,Eclipse Wireless Earbuds 351Max - Comfortable ergonomic design with long-lasting battery life. Perfect for daily use.
464,Vertex Running Shoes 838Pro,Footwear,Vertex,725.05,4.3,True,Vertex Running Shoes 838Pro - Optimized for productivity and entertainment. Perfect for gaming.
465,NovaTech Drone 154Lite,Electronics,NovaTech,2083.44,1.5,True,NovaTech Drone 154Lite - Designed for everyday performance and reliability. Perfect for gaming.
466,Fusion Gaming Console 808X,Gaming,Fusion,2100.9,2.6,True,Fusion Gaming Console 808X - Compact and lightweight for easy portability. Perfect for office work.
467,Pulse Mechanical Keyboard 220Lite,Peripherals,Pulse,374.51,1.9,True,Pulse Mechanical Keyboard 220Lite - Compact and lightweight for easy portability. Perfect for multimedia.
468,CoreX Laptop Sleeve 771Pro,Accessories,CoreX,465.56,1.4,False,CoreX Laptop Sleeve 771Pro - Comfortable ergonomic design with long-lasting battery life. Perfect for daily use.
469,Aero Wireless Earbuds 742Pro,Audio,Aero,2714.84,3.6,False,Aero Wireless Earbuds 742Pro - Premium build quality with advanced features. Perfect for office work.
470,Volt Gaming Console 328S,Gaming,Volt,334.81,3.1,True,Volt Gaming Console 328S - Comfortable ergonomic design with long-lasting battery life. Perfect for travel.
471,Quantum Running Shoes 745Lite,Footwear,Quantum,2250.08,4.1,False,Quantum Running Shoes 745Lite - Designed for everyday performance and reliability. Perfect for multimedia.
472,Orbit Chromebook 130S,Laptops,Orbit,2408.45,1.3,False,Orbit Chromebook 130S - Premium build quality with advanced features. Perfect for travel.
473,Strive Wireless Earbuds 697Lite,Audio,Strive,2239.58,2.4,True,Strive Wireless Earbuds 697Lite - Optimized for productivity and entertainment. Perfect for gaming.
474,Strive 4K Monitor 334Max,Peripherals,Strive,1286.59,2.8,True,Strive 4K Monitor 334Max - Optimized for productivity and entertainment. Perfect for travel.
475,CoreX Running Shoes 508X,Footwear,CoreX,415.19,1.3,False,CoreX Running Shoes 508X - Premium build quality with advanced features. Perfect for multimedia.
476,Aero Bluetooth Speaker 499Max,Audio,Aero,326.45,1.9,False,Aero Bluetooth Speaker 499Max - Engineered for gamers and power users. Perfect for travel.
477,CoreX Ultrabook 866X,Laptops,CoreX,2366.02,1.8,False,CoreX Ultrabook 866X - Optimized for productivity and entertainment. Perfect for multimedia.
478,Orbit 4K Monitor 849Max,Peripherals,Orbit,354.47,2.2,False,Orbit 4K Monitor 849Max - Comfortable ergonomic design with long-lasting battery life. Perfect for gaming.
479,Fusion Ultrabook 370S,Laptops,Fusion,1653.55,4.7,True,Fusion Ultrabook 370S - Premium build quality with advanced features. Perfect for travel.
480,Volt Smartphone 904Lite,Electronics,Volt,1023.58,3.8,True,Volt Smartphone 904Lite - Engineered for gamers and power users. Perfect for multimedia.
481,HyperX Gaming Laptop 707X,Laptops,HyperX,2908.48,1.8,False,HyperX Gaming Laptop 707X - High durability with modern aesthetics. Perfect for gaming.
482,Zenith Camera 308X,Electronics,Zenith,2419.03,2.2,True,Zenith Camera 308X - Optimized for productivity and entertainment. Perfect for office work.
483,Prime Wireless Earbuds 451Lite,Audio,Prime,1756.04,1.2,False,Prime Wireless Earbuds 451Lite - Premium build quality with advanced features. Perfect for daily use.
484,Vertex Mechanical Keyboard 839Lite,Peripherals,Vertex,1183.71,1.2,False,Vertex Mechanical Keyboard 839Lite - High durability with modern aesthetics. Perfect for daily use.
485,HyperX Webcam 633S,Peripherals,HyperX,2583.9,1.9,True,HyperX Webcam 633S - Premium build quality with advanced features. Perfect for daily use.
486,CoreX Controller 348Lite,Gaming,CoreX,716.83,4.1,True,CoreX Controller 348Lite - Designed for everyday performance and reliability. Perfect for gaming.
487,Eclipse Tablet 407Lite,Electronics,Eclipse,2936.29,3.7,False,Eclipse Tablet 407Lite - Premium build quality with advanced features. Perfect for office work.
488,Fusion Camera 996Lite,Electronics,Fusion,198.76,4.4,False,Fusion Camera 996Lite - Built with cutting-edge technology for superior experience. Perfect for daily use.
489,Aero Mechanical Keyboard 459S,Peripherals,Aero,2464.55,1.4,False,Aero Mechanical Keyboard 459S - Optimized for productivity and entertainment. Perfect for office work.
490,Orbit Mechanical Keyboard 790Lite,Peripherals,Orbit,1722.04,2.0,False,Orbit Mechanical Keyboard 790Lite - Compact and lightweight for easy portability. Perfect for office work.
491,NovaTech Noise Cancelling Headphones 801X,Audio,NovaTech,1962.1,1.8,True,NovaTech Noise Cancelling Headphones 801X - Designed for everyday performance and reliability. Perfect for multimedia.
492,Strive Gaming Mouse 238S,Peripherals,Strive,2039.87,1.4,True,Strive Gaming Mouse 238S - High durability with modern aesthetics. Perfect for gaming.
493,Nimbus Smart Wallet 392Lite,Accessories,Nimbus,1748.33,4.9,True,Nimbus Smart Wallet 392Lite - Optimized for productivity and entertainment. Perfect for daily use.
494,CoreX Controller 722X,Gaming,CoreX,255.83,2.6,False,CoreX Controller 722X - Designed for everyday performance and reliability. Perfect for travel.
495,Nimbus Tablet 498S,Electronics,Nimbus,2146.98,1.3,False,Nimbus Tablet 498S - Compact and lightweight for easy portability. Perfect for office work.
496,Zenith Sneakers 806Lite,Footwear,Zenith,2058.55,3.0,False,Zenith Sneakers 806Lite - Optimized for productivity and entertainment. Perfect for travel.
497,Pulse Laptop Sleeve 142Max,Accessories,Pulse,795.31,3.4,False,Pulse Laptop Sleeve 142Max - Premium build quality with advanced features. Perfect for multimedia.
498,Strive Sneakers 848S,Footwear,Strive,1510.06,1.3,False,Strive Sneakers 848S - Optimized for productivity and entertainment. Perfect for office work.
499,Aero Running Shoes 992Max,Footwear,Aero,1004.3,2.0,True,Aero Running Shoes 992Max - Comfortable ergonomic design with long-lasting battery life. Perfect for multimedia.
500,Zenith Gaming Laptop 452X,Laptops,Zenith,2574.79,1.1,True,Zenith Gaming Laptop 452X - Designed for everyday performance and reliability. Perfect for gaming.
501,Nimbus Backpack 637S,Accessories,Nimbus,570.67,4.9,False,Nimbus Backpack 637S - Compact and lightweight for easy portability. Perfect for gaming.
502,Zenith Tablet 516Max,Electronics,Zenith,414.73,1.4,True,Zenith Tablet 516Max - Engineered for gamers and power users. Perfect for office work.
503,Vertex Gaming Mouse 692Lite,Peripherals,Vertex,1725.54,2.1,False,Vertex Gaming Mouse 692Lite - High durability with modern aesthetics. Perfect for daily use.
504,Strive Smartphone 674Pro,Electronics,Strive,535.51,1.9,True,Strive Smartphone 674Pro - High durability with modern aesthetics. Perfect for multimedia.
505,HyperX Ultrabook 287Lite,Laptops,HyperX,2854.78,4.4,True,HyperX Ultrabook 287Lite - Optimized for productivity and entertainment. Perfect for multimedia.
506,Orbit Mechanical Keyboard 992X,Peripherals,Orbit,1499.13,3.2,True,Orbit Mechanical Keyboard 992X - Designed for everyday performance and reliability. Perfect for office work.
507,NovaTech Smartphone 987X,Electronics,NovaTech,458.85,3.2,True,NovaTech Smartphone 987X - Designed for everyday performance and reliability. Perfect for gaming.
508,Orbit Bluetooth Speaker 949Max,Audio,Orbit,314.71,2.9,False,Orbit Bluetooth Speaker 949Max - High durability with modern aesthetics. Perfect for office work.
509,Fusion Drone 766X,Electronics,Fusion,2294.54,4.3,False,Fusion Drone 766X - Premium build quality with advanced features. Perfect for travel.
510,Vertex Bluetooth Speaker 442X,Audio,Vertex,1878.97,2.8,False,Vertex Bluetooth Speaker 442X - Designed for everyday performance and reliability. Perfect for daily use.
511,HyperX Bluetooth Speaker 264Pro,Audio,HyperX,2023.24,3.0,False,HyperX Bluetooth Speaker 264Pro - Compact and lightweight for easy portability. Perfect for travel.
512,Aero Tablet 497Lite,Electronics,Aero,1547.47,2.1,True,Aero Tablet 497Lite - Engineered for gamers and power users. Perfect for office work.
513,Volt Bluetooth Speaker 533X,Audio,Volt,2939.03,3.0,False,Volt Bluetooth Speaker 533X - Comfortable ergonomic design with long-lasting battery life. Perfect for gaming.
514,CoreX Laptop Sleeve 241S,Accessories,CoreX,1680.84,3.3,False,CoreX Laptop Sleeve 241S - Compact and lightweight for easy portability. Perfect for daily use.
515,Eclipse Noise Cancelling Headphones 293Pro,Audio,Eclipse,2454.44,4.7,True,Eclipse Noise Cancelling Headphones 293Pro - Built with cutting-edge technology for superior experience. Perfect for travel.
516,Eclipse VR Headset 124Lite,Gaming,Eclipse,631.74,5.0,True,Eclipse VR Headset 124Lite - Built with cutting-edge technology for superior experience. Perfect for travel.
517,Nimbus Gaming Chair 535X,Gaming,Nimbus,1962.31,2.2,False,Nimbus Gaming Chair 535X - Premium build quality with advanced features. Perfect for travel.
518,Fusion Gaming Chair 672Max,Gaming,Fusion,954.16,3.2,True,Fusion Gaming Chair 672Max - Designed for everyday performance and reliability. Perfect for daily use.
519,Orbit Ultrabook 384Max,Laptops,Orbit,1846.39,3.4,False,Orbit Ultrabook 384Max - Built with cutting-edge technology for superior experience. Perfect for multimedia.
520,Nimbus Tablet 862S,Electronics,Nimbus,2621.78,2.4,False,Nimbus Tablet 862S - Comfortable ergonomic design with long-lasting battery life. Perfect for daily use.
521,Volt Hiking Boots 689Lite,Footwear,Volt,1195.17,1.4,True,Volt Hiking Boots 689Lite - Optimized for productivity and entertainment. Perfect for office work.
522,Fusion Webcam 713S,Peripherals,Fusion,564.57,2.4,True,Fusion Webcam 713S - Optimized for productivity and entertainment. Perfect for gaming.
523,Orbit Laptop Sleeve 563X,Accessories,Orbit,121.56,3.6,True,Orbit Laptop Sleeve 563X - Built with cutting-edge technology for superior experience. Perfect for travel.
524,Prime Wireless Earbuds 760Pro,Audio,Prime,2761.96,4.6,False,Prime Wireless Earbuds 760Pro - Premium build quality with advanced features. Perfect for travel.
525,HyperX Mechanical Keyboard 158Lite,Peripherals,HyperX,1800.22,2.6,False,HyperX Mechanical Keyboard 158Lite - Comfortable ergonomic design with long-lasting battery life. Perfect for travel.
526,Volt Chromebook 146X,Laptops,Volt,1683.64,1.5,True,Volt Chromebook 146X - Engineered for gamers and power users. Perfect for travel.
527,NovaTech VR Headset 454Pro,Gaming,NovaTech,212.29,1.1,True,NovaTech VR Headset 454Pro - Designed for everyday performance and reliability. Perfect for travel.
528,NovaTech Tablet 582Pro,Electronics,NovaTech,29.53,1.7,False,NovaTech Tablet 582Pro - Built with cutting-edge technology for superior experience. Perfect for gaming.
529,Fusion Wireless Earbuds 926Pro,Audio,Fusion,2418.76,1.8,False,Fusion Wireless Earbuds 926Pro - Designed for everyday performance and reliability. Perfect for gaming.
530,Orbit Bluetooth Speaker 388Max,Audio,Orbit,2170.9,3.4,True,Orbit Bluetooth Speaker 388Max - Designed for everyday performance and reliability. Perfect for gaming.
531,Nimbus Noise Cancelling Headphones 265S,Audio,Nimbus,2613.14,4.5,True,Nimbus Noise Cancelling Headphones 265S - Built with cutting-edge technology for superior experience. Perfect for gaming.
532,Strive Controller 469Max,Gaming,Strive,2455.54,4.0,False,Strive Controller 469Max - Engineered for gamers and power users. Perfect for gaming.
533,Quantum Wireless Earbuds 659Pro,Audio,Quantum,1963.43,4.2,True,Quantum Wireless Earbuds 659Pro - Compact and lightweight for easy portability. Perfect for daily use.
534,Fusion Gaming Console 876Lite,Gaming,Fusion,2663.86,4.7,True,Fusion Gaming Console 876Lite - Comfortable ergonomic design with long-lasting battery life. Perfect for multimedia.
535,Vertex Sandals 731S,Footwear,Vertex,2163.4,4.5,False,Vertex Sandals 731S - High durability with modern aesthetics. Perfect for multimedia.
536,Prime Camera 240S,Electronics,Prime,487.88,2.3,False,Prime Camera 240S - Optimized for productivity and entertainment. Perfect for office work.
537,HyperX 4K Monitor 230X,Peripherals,HyperX,113.47,1.7,False,HyperX 4K Monitor 230X - Premium build quality with advanced features. Perfect for gaming.
538,Fusion Chromebook 380S,Laptops,Fusion,377.35,4.2,True,Fusion Chromebook 380S - Optimized for productivity and entertainment. Perfect for gaming.
539,Strive Controller 666Max,Gaming,Strive,1208.24,4.3,False,Strive Controller 666Max - Compact and lightweight for easy portability. Perfect for travel.
540,CoreX Chromebook 397Lite,Laptops,CoreX,2284.78,3.8,False,CoreX Chromebook 397Lite - High durability with modern aesthetics. Perfect for office work.
541,Orbit Mechanical Keyboard 713X,Peripherals,Orbit,1089.21,4.9,False,Orbit Mechanical Keyboard 713X - Designed for everyday performance and reliability. Perfect for gaming.
542,Eclipse Soundbar 170Lite,Audio,Eclipse,663.14,2.7,False,Eclipse Soundbar 170Lite - Compact and lightweight for easy portability. Perfect for daily use.
543,Fusion Gaming Mouse 831Pro,Peripherals,Fusion,861.15,1.8,False,Fusion Gaming Mouse 831Pro - High durability with modern aesthetics. Perfect for office work.
544,Quantum Phone Case 906Pro,Accessories,Quantum,963.04,3.6,True,Quantum Phone Case 906Pro - Compact and lightweight for easy portability. Perfect for travel.
545,Pulse Mechanical Keyboard 997S,Peripherals,Pulse,2056.14,2.2,False,Pulse Mechanical Keyboard 997S - Premium build quality with advanced features. Perfect for gaming.
546,Prime Drone 495Max,Electronics,Prime,158.49,3.0,True,Prime Drone 495Max - High durability with modern aesthetics. Perfect for gaming.
547,Fusion Gaming Chair 516Max,Gaming,Fusion,226.14,4.3,False,Fusion Gaming Chair 516Max - Built with cutting-edge technology for superior experience. Perfect for gaming.
548,Nimbus Gaming Mouse 218S,Peripherals,Nimbus,2267.03,1.5,True,Nimbus Gaming Mouse 218S - Optimized for productivity and entertainment. Perfect for travel.
549,Vertex Chromebook 598Lite,Laptops,Vertex,1045.42,4.4,False,Vertex Chromebook 598Lite - Optimized for productivity and entertainment. Perfect for multimedia.
550,CoreX Gaming Console 666X,Gaming,CoreX,2135.26,2.8,True,CoreX Gaming Console 666X - Compact and lightweight for easy portability. Perfect for gaming.
551,Orbit Backpack 523S,Accessories,Orbit,2012.03,2.8,False,Orbit Backpack 523S - Built with cutting-edge technology for superior experience. Perfect for travel.
552,HyperX Drone 778S,Electronics,HyperX,2004.59,1.9,True,HyperX Drone 778S - Engineered for gamers and power users. Perfect for daily use.
553,Aero Phone Case 209Pro,Accessories,Aero,1970.71,4.1,True,Aero Phone Case 209Pro - Built with cutting-edge technology for superior experience. Perfect for gaming.
554,NovaTech Gaming Console 301S,Gaming,NovaTech,2394.04,4.0,True,NovaTech Gaming Console 301S - Premium build quality with advanced features. Perfect for gaming.
555,Eclipse Gaming Chair 247Pro,Gaming,Eclipse,2956.85,2.5,True,Eclipse Gaming Chair 247Pro - Premium build quality with advanced features. Perfect for daily use.
556,NovaTech Bluetooth Speaker 779Lite,Audio,NovaTech,2041.06,3.5,False,NovaTech Bluetooth Speaker 779Lite - Premium build quality with advanced features. Perfect for gaming.
557,Orbit Sandals 351S,Footwear,Orbit,914.16,1.6,True,Orbit Sandals 351S - Built with cutting-edge technology for superior experience. Perfect for multimedia.
558,Vertex Webcam 451S,Peripherals,Vertex,1613.66,2.4,True,Vertex Webcam 451S - High durability with modern aesthetics. Perfect for daily use.
559,Orbit Backpack 935Lite,Accessories,Orbit,1661.21,2.2,True,Orbit Backpack 935Lite - Designed for everyday performance and reliability. Perfect for multimedia.
560,Vertex Laptop Sleeve 129Pro,Accessories,Vertex,584.52,4.0,False,Vertex Laptop Sleeve 129Pro - Comfortable ergonomic design with long-lasting battery life. Perfect for travel.
561,Eclipse Tablet 797Max,Electronics,Eclipse,464.33,4.5,True,Eclipse Tablet 797Max - Comfortable ergonomic design with long-lasting battery life. Perfect for multimedia.
562,HyperX Sandals 707X,Footwear,HyperX,1187.96,4.9,False,HyperX Sandals 707X - High durability with modern aesthetics. Perfect for multimedia.
563,Zenith Bluetooth Speaker 151X,Audio,Zenith,2488.67,1.7,False,Zenith Bluetooth Speaker 151X - Built with cutting-edge technology for superior experience. Perfect for gaming.
564,NovaTech Gaming Mouse 458Pro,Peripherals,NovaTech,1239.9,1.9,True,NovaTech Gaming Mouse 458Pro - Designed for everyday performance and reliability. Perfect for office work.
565,Vertex Hiking Boots 619Pro,Footwear,Vertex,478.51,4.7,True,Vertex Hiking Boots 619Pro - Premium build quality with advanced features. Perfect for travel.
566,Fusion Hiking Boots 456Lite,Footwear,Fusion,549.85,2.3,True,Fusion Hiking Boots 456Lite - Compact and lightweight for easy portability. Perfect for gaming.
567,Pulse Ultrabook 400X,Laptops,Pulse,24.92,3.1,True,Pulse Ultrabook 400X - Comfortable ergonomic design with long-lasting battery life. Perfect for office work.
568,CoreX Running Shoes 592S,Footwear,CoreX,310.77,2.8,True,CoreX Running Shoes 592S - High durability with modern aesthetics. Perfect for office work.
569,Vertex Camera 378Lite,Electronics,Vertex,1575.02,2.2,True,Vertex Camera 378Lite - Optimized for productivity and entertainment. Perfect for gaming.
570,Eclipse Controller 338Max,Gaming,Eclipse,1791.19,1.7,True,Eclipse Controller 338Max - Comfortable ergonomic design with long-lasting battery life. Perfect for gaming.
571,Orbit Gaming Chair 605S,Gaming,Orbit,1443.67,2.1,False,Orbit Gaming Chair 605S - Built with cutting-edge technology for superior experience. Perfect for daily use.
572,Fusion Bluetooth Speaker 511X,Audio,Fusion,1080.25,2.6,True,Fusion Bluetooth Speaker 511X - Engineered for gamers and power users. Perfect for travel.
573,HyperX Gaming Console 472Max,Gaming,HyperX,2618.17,3.9,True,HyperX Gaming Console 472Max - Built with cutting-edge technology for superior experience. Perfect for office work.
574,Aero Gaming Chair 113Lite,Gaming,Aero,205.76,1.1,False,Aero Gaming Chair 113Lite - Designed for everyday performance and reliability. Perfect for travel.
575,Prime Gaming Mouse 317Pro,Peripherals,Prime,2523.27,1.4,False,Prime Gaming Mouse 317Pro - Engineered for gamers and power users. Perfect for office work.
576,Fusion Ultrabook 688S,Laptops,Fusion,947.46,1.2,True,Fusion Ultrabook 688S - Compact and lightweight for easy portability. Perfect for gaming.
577,Orbit Camera 906X,Electronics,Orbit,2239.71,1.4,False,Orbit Camera 906X - Engineered for gamers and power users. Perfect for office work.
578,NovaTech 4K Monitor 935S,Peripherals,NovaTech,1388.99,1.3,True,NovaTech 4K Monitor 935S - Premium build quality with advanced features. Perfect for gaming.
579,NovaTech Sandals 434Pro,Footwear,NovaTech,581.31,3.4,False,NovaTech Sandals 434Pro - Comfortable ergonomic design with long-lasting battery life. Perfect for daily use.
580,Fusion Tablet 921Lite,Electronics,Fusion,41.3,4.5,True,Fusion Tablet 921Lite - Optimized for productivity and entertainment. Perfect for daily use.
581,NovaTech Mechanical Keyboard 180Max,Peripherals,NovaTech,2693.71,3.9,True,NovaTech Mechanical Keyboard 180Max - Comfortable ergonomic design with long-lasting battery life. Perfect for travel.
582,CoreX Wireless Earbuds 793Lite,Audio,CoreX,1893.83,1.3,False,CoreX Wireless Earbuds 793Lite - Built with cutting-edge technology for superior experience. Perfect for gaming.
583,NovaTech Noise Cancelling Headphones 843S,Audio,NovaTech,2125.16,1.5,False,NovaTech Noise Cancelling Headphones 843S - Compact and lightweight for easy portability. Perfect for multimedia.
584,Pulse Wireless Earbuds 202Pro,Audio,Pulse,2722.9,3.7,False,Pulse Wireless Earbuds 202Pro - Built with cutting-edge technology for superior experience. Perfect for multimedia.
585,Fusion Mechanical Keyboard 185S,Peripherals,Fusion,2720.35,1.2,True,Fusion Mechanical Keyboard 185S - Engineered for gamers and power users. Perfect for multimedia.
586,Zenith Backpack 139Pro,Accessories,Zenith,1268.37,4.7,True,Zenith Backpack 139Pro - Compact and lightweight for easy portability. Perfect for travel.
587,Aero Backpack 381Max,Accessories,Aero,201.15,4.2,False,Aero Backpack 381Max - Compact and lightweight for easy portability. Perfect for travel.
588,Nimbus Gaming Console 673X,Gaming,Nimbus,1648.06,3.7,True,Nimbus Gaming Console 673X - Comfortable ergonomic design with long-lasting battery life. Perfect for travel.
589,Eclipse Sandals 581Lite,Footwear,Eclipse,1494.35,3.0,False,Eclipse Sandals 581Lite - High durability with modern aesthetics. Perfect for daily use.
590,Quantum Phone Case 306Max,Accessories,Quantum,2339.14,1.4,False,Quantum Phone Case 306Max - Designed for everyday performance and reliability. Perfect for multimedia.
591,Aero Controller 133Max,Gaming,Aero,2121.65,3.2,False,Aero Controller 133Max - Optimized for productivity and entertainment. Perfect for multimedia.
592,Prime Hiking Boots 320Lite,Footwear,Prime,729.77,3.2,True,Prime Hiking Boots 320Lite - Compact and lightweight for easy portability. Perfect for office work.
593,Pulse Gaming Mouse 504S,Peripherals,Pulse,1087.62,3.7,True,Pulse Gaming Mouse 504S - Compact and lightweight for easy portability. Perfect for multimedia.
594,NovaTech Smartwatch 844X,Electronics,NovaTech,903.5,4.5,False,NovaTech Smartwatch 844X - Engineered for gamers and power users. Perfect for multimedia.
595,Aero VR Headset 720Lite,Gaming,Aero,2425.55,4.9,False,Aero VR Headset 720Lite - Engineered for gamers and power users. Perfect for multimedia.
596,Vertex Sneakers 583X,Footwear,Vertex,2292.87,4.1,False,Vertex Sneakers 583X - Comfortable ergonomic design with long-lasting battery life. Perfect for daily use.
597,Orbit Gaming Console 989S,Gaming,Orbit,919.16,3.6,True,Orbit Gaming Console 989S - Engineered for gamers and power users. Perfect for gaming.
598,HyperX Gaming Mouse 586Pro,Peripherals,HyperX,1625.44,3.7,True,HyperX Gaming Mouse 586Pro - Built with cutting-edge technology for superior experience. Perfect for office work.
599,Fusion Business Laptop 229S,Laptops,Fusion,1515.34,2.0,True,Fusion Business Laptop 229S - Comfortable ergonomic design with long-lasting battery life. Perfect for daily use.
600,Quantum Chromebook 109Max,Laptops,Quantum,2018.16,2.9,True,Quantum Chromebook 109Max - Built with cutting-edge technology for superior experience. Perfect for daily use.
601,Prime Chromebook 602Pro,Laptops,Prime,765.08,4.3,False,Prime Chromebook 602Pro - High durability with modern aesthetics. Perfect for gaming.
602,HyperX Webcam 831Pro,Peripherals,HyperX,505.6,3.3,False,HyperX Webcam 831Pro - Optimized for productivity and entertainment. Perfect for gaming.
603,Pulse Sneakers 673S,Footwear,Pulse,538.78,4.7,False,Pulse Sneakers 673S - Comfortable ergonomic design with long-lasting battery life. Perfect for gaming.
604,Volt Business Laptop 994S,Laptops,Volt,1656.85,2.1,False,Volt Business Laptop 994S - High durability with modern aesthetics. Perfect for travel.
605,Strive Wireless Earbuds 385Max,Audio,Strive,1836.3,1.3,False,Strive Wireless Earbuds 385Max - Built with cutting-edge technology for superior experience. Perfect for office work.
606,Aero Webcam 548S,Peripherals,Aero,2393.11,2.1,True,Aero Webcam 548S - Optimized for productivity and entertainment. Perfect for multimedia.
607,Quantum Webcam 198X,Peripherals,Quantum,971.83,3.1,False,Quantum Webcam 198X - Designed for everyday performance and reliability. Perfect for gaming.
608,HyperX Soundbar 837X,Audio,HyperX,1679.0,4.5,True,HyperX Soundbar 837X - Optimized for productivity and entertainment. Perfect for multimedia.
609,Vertex Running Shoes 244S,Footwear,Vertex,2934.59,3.7,False,Vertex Running Shoes 244S - Designed for everyday performance and reliability. Perfect for travel.
610,Quantum Soundbar 269X,Audio,Quantum,2724.39,3.3,True,Quantum Soundbar 269X - Compact and lightweight for easy portability. Perfect for office work.
611,Zenith 4K Monitor 497X,Peripherals,Zenith,1430.15,4.9,True,Zenith 4K Monitor 497X - Compact and lightweight for easy portability. Perfect for travel.
612,Volt Hiking Boots 507X,Footwear,Volt,1861.03,1.1,False,Volt Hiking Boots 507X - Comfortable ergonomic design with long-lasting battery life. Perfect for gaming.
613,Quantum Sneakers 709Lite,Footwear,Quantum,2743.43,2.4,True,Quantum Sneakers 709Lite - Built with cutting-edge technology for superior experience. Perfect for daily use.
614,Zenith Drone 556Max,Electronics,Zenith,978.61,4.0,True,Zenith Drone 556Max - Designed for everyday performance and reliability. Perfect for office work.
615,Fusion Gaming Mouse 790Pro,Peripherals,Fusion,403.44,1.9,False,Fusion Gaming Mouse 790Pro - Compact and lightweight for easy portability. Perfect for multimedia.
616,Nimbus Hiking Boots 187Lite,Footwear,Nimbus,1712.42,2.8,False,Nimbus Hiking Boots 187Lite - Comfortable ergonomic design with long-lasting battery life. Perfect for travel.
617,NovaTech Smart Wallet 272S,Accessories,NovaTech,578.66,2.8,False,NovaTech Smart Wallet 272S - Engineered for gamers and power users. Perfect for office work.
618,Vertex Smartphone 528Max,Electronics,Vertex,1075.06,2.0,False,Vertex Smartphone 528Max - Engineered for gamers and power users. Perfect for office work.
619,Strive Ultrabook 966Lite,Laptops,Strive,802.89,1.6,False,Strive Ultrabook 966Lite - High durability with modern aesthetics. Perfect for travel.
620,Prime Phone Case 645S,Accessories,Prime,388.79,4.2,True,Prime Phone Case 645S - Engineered for gamers and power users. Perfect for multimedia.
621,Orbit 4K Monitor 254S,Peripherals,Orbit,929.5,3.3,False,Orbit 4K Monitor 254S - Engineered for gamers and power users. Perfect for travel.
622,Volt Hiking Boots 663S,Footwear,Volt,2368.12,4.7,False,Volt Hiking Boots 663S - Optimized for productivity and entertainment. Perfect for office work.
623,Zenith Chromebook 158Pro,Laptops,Zenith,1967.16,1.5,False,Zenith Chromebook 158Pro - Engineered for gamers and power users. Perfect for gaming.
624,Vertex Noise Cancelling Headphones 142X,Audio,Vertex,2985.59,1.2,False,Vertex Noise Cancelling Headphones 142X - Optimized for productivity and entertainment. Perfect for gaming.
625,NovaTech Gaming Chair 930X,Gaming,NovaTech,186.25,1.8,False,NovaTech Gaming Chair 930X - High durability with modern aesthetics. Perfect for multimedia.
626,Eclipse Gaming Chair 981S,Gaming,Eclipse,2053.77,2.2,False,Eclipse Gaming Chair 981S - Optimized for productivity and entertainment. Perfect for travel.
627,Quantum Gaming Laptop 575Lite,Laptops,Quantum,2236.33,2.6,True,Quantum Gaming Laptop 575Lite - Engineered for gamers and power users. Perfect for gaming.
628,Orbit Hiking Boots 994X,Footwear,Orbit,1428.81,2.4,True,Orbit Hiking Boots 994X - Engineered for gamers and power users. Perfect for gaming.
629,Strive Backpack 914S,Accessories,Strive,2355.29,2.2,False,Strive Backpack 914S - Optimized for productivity and entertainment. Perfect for office work.
630,Eclipse Gaming Chair 715X,Gaming,Eclipse,505.52,1.9,False,Eclipse Gaming Chair 715X - Built with cutting-edge technology for superior experience. Perfect for multimedia.
631,NovaTech Backpack 483S,Accessories,NovaTech,2426.7,1.2,True,NovaTech Backpack 483S - Premium build quality with advanced features. Perfect for multimedia.
632,Zenith Laptop Sleeve 169Max,Accessories,Zenith,1397.45,2.5,True,Zenith Laptop Sleeve 169Max - Optimized for productivity and entertainment. Perfect for daily use.
633,Fusion Phone Case 904Lite,Accessories,Fusion,559.49,4.1,False,Fusion Phone Case 904Lite - Engineered for gamers and power users. Perfect for gaming.
634,CoreX Camera 659S,Electronics,CoreX,2596.44,1.5,False,CoreX Camera 659S - Comfortable ergonomic design with long-lasting battery life. Perfect for office work.
635,Prime Webcam 278Lite,Peripherals,Prime,1613.2,1.2,False,Prime Webcam 278Lite - Compact and lightweight for easy portability. Perfect for office work.
636,HyperX Ultrabook 651S,Laptops,HyperX,2164.98,4.4,False,HyperX Ultrabook 651S - Engineered for gamers and power users. Perfect for office work.
637,Nimbus Smart Wallet 403S,Accessories,Nimbus,2301.37,3.4,True,Nimbus Smart Wallet 403S - Built with cutting-edge technology for superior experience. Perfect for office work.
638,HyperX Smart Wallet 724Max,Accessories,HyperX,1558.54,1.4,True,HyperX Smart Wallet 724Max - High durability with modern aesthetics. Perfect for office work.
639,Prime Drone 640Max,Electronics,Prime,2204.15,2.1,False,Prime Drone 640Max - Designed for everyday performance and reliability. Perfect for multimedia.
640,Pulse Sneakers 511Pro,Footwear,Pulse,2920.46,2.1,False,Pulse Sneakers 511Pro - Comfortable ergonomic design with long-lasting battery life. Perfect for travel.
641,NovaTech Webcam 344S,Peripherals,NovaTech,1728.32,3.5,True,NovaTech Webcam 344S - Premium build quality with advanced features. Perfect for multimedia.
642,Eclipse Noise Cancelling Headphones 324Pro,Audio,Eclipse,964.32,3.2,True,Eclipse Noise Cancelling Headphones 324Pro - Comfortable ergonomic design with long-lasting battery life. Perfect for multimedia.
643,NovaTech Mechanical Keyboard 278Pro,Peripherals,NovaTech,2960.22,4.0,True,NovaTech Mechanical Keyboard 278Pro - High durability with modern aesthetics. Perfect for office work.
644,Quantum Mechanical Keyboard 742X,Peripherals,Quantum,878.61,2.2,False,Quantum Mechanical Keyboard 742X - High durability with modern aesthetics. Perfect for daily use.
645,Aero Smartwatch 446Pro,Electronics,Aero,2177.28,1.8,True,Aero Smartwatch 446Pro - Built with cutting-edge technology for superior experience. Perfect for multimedia.
646,Zenith Soundbar 588X,Audio,Zenith,1213.52,3.3,True,Zenith Soundbar 588X - Engineered for gamers and power users. Perfect for office work.
647,Vertex VR Headset 920Max,Gaming,Vertex,1189.51,4.9,False,Vertex VR Headset 920Max - Compact and lightweight for easy portability. Perfect for travel.
648,NovaTech Controller 366Max,Gaming,NovaTech,2920.27,1.6,False,NovaTech Controller 366Max - Compact and lightweight for easy portability. Perfect for multimedia.
649,Eclipse Wireless Earbuds 407Lite,Audio,Eclipse,1497.25,2.0,False,Eclipse Wireless Earbuds 407Lite - Designed for everyday performance and reliability. Perfect for daily use.
650,Orbit Phone Case 443Max,Accessories,Orbit,1218.62,3.5,False,Orbit Phone Case 443Max - Premium build quality with advanced features. Perfect for travel.
651,Orbit Mechanical Keyboard 903Lite,Peripherals,Orbit,1397.57,2.5,True,Orbit Mechanical Keyboard 903Lite - High durability with modern aesthetics. Perfect for multimedia.
652,Fusion Gaming Laptop 947X,Laptops,Fusion,1210.37,2.7,True,Fusion Gaming Laptop 947X - Compact and lightweight for easy portability. Perfect for office work.
653,Prime Webcam 494X,Peripherals,Prime,1306.11,4.6,True,Prime Webcam 494X - Designed for everyday performance and reliability. Perfect for multimedia.
654,CoreX Chromebook 116S,Laptops,CoreX,244.91,4.6,False,CoreX Chromebook 116S - Optimized for productivity and entertainment. Perfect for travel.
655,Strive Gaming Chair 281Pro,Gaming,Strive,2775.78,4.2,True,Strive Gaming Chair 281Pro - Comfortable ergonomic design with long-lasting battery life. Perfect for multimedia.
656,CoreX Phone Case 717X,Accessories,CoreX,1625.16,1.2,False,CoreX Phone Case 717X - Compact and lightweight for easy portability. Perfect for travel.
657,Eclipse Backpack 408Lite,Accessories,Eclipse,101.73,4.0,True,Eclipse Backpack 408Lite - Premium build quality with advanced features. Perfect for travel.
658,NovaTech Gaming Console 620Lite,Gaming,NovaTech,78.79,4.5,False,NovaTech Gaming Console 620Lite - Engineered for gamers and power users. Perfect for office work.
659,Pulse Noise Cancelling Headphones 202S,Audio,Pulse,2915.71,3.7,False,Pulse Noise Cancelling Headphones 202S - Built with cutting-edge technology for superior experience. Perfect for gaming.
660,Strive Smartwatch 705S,Electronics,Strive,1645.7,1.1,False,Strive Smartwatch 705S - Compact and lightweight for easy portability. Perfect for daily use.
661,Quantum Gaming Laptop 403Max,Laptops,Quantum,405.45,4.3,True,Quantum Gaming Laptop 403Max - Optimized for productivity and entertainment. Perfect for travel.
662,Aero Business Laptop 962X,Laptops,Aero,1173.55,1.2,True,Aero Business Laptop 962X - High durability with modern aesthetics. Perfect for daily use.
663,Zenith Controller 595Max,Gaming,Zenith,2056.31,3.0,False,Zenith Controller 595Max - Comfortable ergonomic design with long-lasting battery life. Perfect for multimedia.
664,HyperX Phone Case 519Pro,Accessories,HyperX,1350.55,2.5,True,HyperX Phone Case 519Pro - Designed for everyday performance and reliability. Perfect for daily use.
665,Orbit Mechanical Keyboard 214Lite,Peripherals,Orbit,1578.63,1.5,False,Orbit Mechanical Keyboard 214Lite - Premium build quality with advanced features. Perfect for gaming.
666,Vertex Gaming Chair 831Pro,Gaming,Vertex,165.89,1.4,True,Vertex Gaming Chair 831Pro - Optimized for productivity and entertainment. Perfect for gaming.
667,Quantum Gaming Console 644X,Gaming,Quantum,771.1,3.5,True,Quantum Gaming Console 644X - Designed for everyday performance and reliability. Perfect for office work.
668,Quantum Business Laptop 363S,Laptops,Quantum,2147.21,3.0,False,Quantum Business Laptop 363S - Optimized for productivity and entertainment. Perfect for multimedia.
669,Strive Bluetooth Speaker 519Lite,Audio,Strive,1971.81,4.3,True,Strive Bluetooth Speaker 519Lite - Built with cutting-edge technology for superior experience. Perfect for gaming.
670,Fusion Sneakers 844Max,Footwear,Fusion,2019.38,2.7,False,Fusion Sneakers 844Max - Designed for everyday performance and reliability. Perfect for gaming.
671,Aero Smartwatch 217S,Electronics,Aero,798.21,5.0,False,Aero Smartwatch 217S - Comfortable ergonomic design with long-lasting battery life. Perfect for office work.
672,Vertex Webcam 642Pro,Peripherals,Vertex,1460.41,1.6,True,Vertex Webcam 642Pro - Engineered for gamers and power users. Perfect for gaming.
673,Vertex Gaming Chair 879Pro,Gaming,Vertex,2356.87,4.0,True,Vertex Gaming Chair 879Pro - Engineered for gamers and power users. Perfect for gaming.
674,Aero Bluetooth Speaker 240Lite,Audio,Aero,700.49,3.5,True,Aero Bluetooth Speaker 240Lite - Premium build quality with advanced features. Perfect for gaming.
675,Orbit Soundbar 963X,Audio,Orbit,2441.52,4.7,False,Orbit Soundbar 963X - High durability with modern aesthetics. Perfect for office work.
676,Zenith Gaming Mouse 897S,Peripherals,Zenith,1880.6,2.3,True,Zenith Gaming Mouse 897S - Designed for everyday performance and reliability. Perfect for office work.
677,Aero 4K Monitor 533Lite,Peripherals,Aero,2559.26,4.4,True,Aero 4K Monitor 533Lite - Engineered for gamers and power users. Perfect for office work.
678,CoreX Gaming Console 986X,Gaming,CoreX,776.36,3.1,False,CoreX Gaming Console 986X - Premium build quality with advanced features. Perfect for multimedia.
679,Vertex Smartwatch 378Max,Electronics,Vertex,2077.21,4.9,True,Vertex Smartwatch 378Max - Compact and lightweight for easy portability. Perfect for daily use.
680,Volt Smartwatch 447X,Electronics,Volt,1085.16,4.8,True,Volt Smartwatch 447X - Optimized for productivity and entertainment. Perfect for gaming.
681,CoreX Noise Cancelling Headphones 564S,Audio,CoreX,723.3,4.0,False,CoreX Noise Cancelling Headphones 564S - Compact and lightweight for easy portability. Perfect for multimedia.
682,Nimbus Mechanical Keyboard 567Pro,Peripherals,Nimbus,1930.11,5.0,True,Nimbus Mechanical Keyboard 567Pro - Comfortable ergonomic design with long-lasting battery life. Perfect for office work.
683,Aero Running Shoes 693X,Footwear,Aero,2662.79,2.0,True,Aero Running Shoes 693X - Premium build quality with advanced features. Perfect for gaming.
684,Quantum Bluetooth Speaker 530X,Audio,Quantum,2808.63,1.3,True,Quantum Bluetooth Speaker 530X - Optimized for productivity and entertainment. Perfect for multimedia.
685,Nimbus Drone 617X,Electronics,Nimbus,1515.39,2.9,False,Nimbus Drone 617X - High durability with modern aesthetics. Perfect for office work.
686,Orbit Smartphone 959Max,Electronics,Orbit,297.08,4.7,True,Orbit Smartphone 959Max - Engineered for gamers and power users. Perfect for daily use.
687,Zenith Ultrabook 755Pro,Laptops,Zenith,2808.36,3.2,False,Zenith Ultrabook 755Pro - Designed for everyday performance and reliability. Perfect for gaming.
688,Fusion Gaming Console 224Pro,Gaming,Fusion,1279.49,3.5,True,Fusion Gaming Console 224Pro - Built with cutting-edge technology for superior experience. Perfect for travel.
689,Volt Drone 598Max,Electronics,Volt,1331.6,1.3,False,Volt Drone 598Max - Premium build quality with advanced features. Perfect for daily use.
690,Vertex Gaming Console 625X,Gaming,Vertex,2255.21,1.1,True,Vertex Gaming Console 625X - Comfortable ergonomic design with long-lasting battery life. Perfect for office work.
691,Volt Smart Wallet 574Lite,Accessories,Volt,1004.1,1.2,True,Volt Smart Wallet 574Lite - Compact and lightweight for easy portability. Perfect for travel.
692,CoreX Laptop Sleeve 460S,Accessories,CoreX,2550.84,3.0,True,CoreX Laptop Sleeve 460S - High durability with modern aesthetics. Perfect for daily use.
693,Eclipse Tablet 241Pro,Electronics,Eclipse,589.87,4.0,False,Eclipse Tablet 241Pro - Built with cutting-edge technology for superior experience. Perfect for gaming.
694,Volt VR Headset 941Max,Gaming,Volt,2105.65,3.1,True,Volt VR Headset 941Max - Compact and lightweight for easy portability. Perfect for daily use.
695,HyperX Webcam 547Pro,Peripherals,HyperX,2002.91,3.7,False,HyperX Webcam 547Pro - Designed for everyday performance and reliability. Perfect for office work.
696,Pulse Bluetooth Speaker 414Lite,Audio,Pulse,1905.53,1.4,False,Pulse Bluetooth Speaker 414Lite - Optimized for productivity and entertainment. Perfect for gaming.
697,NovaTech Bluetooth Speaker 498S,Audio,NovaTech,468.87,3.7,False,NovaTech Bluetooth Speaker 498S - Compact and lightweight for easy portability. Perfect for daily use.
698,Eclipse Gaming Chair 231Pro,Gaming,Eclipse,2610.35,3.6,False,Eclipse Gaming Chair 231Pro - Built with cutting-edge technology for superior experience. Perfect for gaming.
699,Aero Camera 700X,Electronics,Aero,529.06,4.2,True,Aero Camera 700X - Compact and lightweight for easy portability. Perfect for daily use.
700,Aero Ultrabook 762Lite,Laptops,Aero,1553.94,3.1,False,Aero Ultrabook 762Lite - Comfortable ergonomic design with long-lasting battery life. Perfect for travel.
701,Fusion VR Headset 271S,Gaming,Fusion,2877.7,3.6,True,Fusion VR Headset 271S - Optimized for productivity and entertainment. Perfect for multimedia.
702,Nimbus Drone 291Pro,Electronics,Nimbus,498.08,3.5,True,Nimbus Drone 291Pro - Designed for everyday performance and reliability. Perfect for daily use.
703,Volt VR Headset 391Max,Gaming,Volt,2599.37,2.2,True,Volt VR Headset 391Max - Comfortable ergonomic design with long-lasting battery life. Perfect for multimedia.
704,Strive Controller 835Max,Gaming,Strive,106.89,1.7,True,Strive Controller 835Max - Comfortable ergonomic design with long-lasting battery life. Perfect for multimedia.
705,Volt Webcam 258Max,Peripherals,Volt,2690.69,3.2,False,Volt Webcam 258Max - Premium build quality with advanced features. Perfect for travel.
706,Zenith Gaming Mouse 438X,Peripherals,Zenith,790.23,3.7,False,Zenith Gaming Mouse 438X - Compact and lightweight for easy portability. Perfect for office work.
707,Eclipse Drone 843Lite,Electronics,Eclipse,1925.47,3.0,False,Eclipse Drone 843Lite - Premium build quality with advanced features. Perfect for travel.
708,Nimbus Gaming Chair 813Lite,Gaming,Nimbus,2698.11,3.6,False,Nimbus Gaming Chair 813Lite - Compact and lightweight for easy portability. Perfect for travel.
709,Quantum Backpack 536Max,Accessories,Quantum,822.61,3.7,False,Quantum Backpack 536Max - Premium build quality with advanced features. Perfect for gaming.
710,Prime VR Headset 331Pro,Gaming,Prime,2327.09,1.9,True,Prime VR Headset 331Pro - Optimized for productivity and entertainment. Perfect for multimedia.
711,Pulse 4K Monitor 795X,Peripherals,Pulse,2607.36,4.0,False,Pulse 4K Monitor 795X - Optimized for productivity and entertainment. Perfect for office work.
712,NovaTech Soundbar 419Lite,Audio,NovaTech,187.83,4.9,False,NovaTech Soundbar 419Lite - Compact and lightweight for easy portability. Perfect for multimedia.
713,Orbit 4K Monitor 922X,Peripherals,Orbit,2096.31,3.2,True,Orbit 4K Monitor 922X - Premium build quality with advanced features. Perfect for multimedia.
714,Vertex Running Shoes 412Lite,Footwear,Vertex,2702.59,4.1,False,Vertex Running Shoes 412Lite - Engineered for gamers and power users. Perfect for multimedia.
715,Fusion Backpack 881Max,Accessories,Fusion,1830.53,3.3,True,Fusion Backpack 881Max - Optimized for productivity and entertainment. Perfect for daily use.
716,CoreX Gaming Laptop 361Max,Laptops,CoreX,1064.75,4.8,False,CoreX Gaming Laptop 361Max - Comfortable ergonomic design with long-lasting battery life. Perfect for daily use.
717,Eclipse Ultrabook 727Lite,Laptops,Eclipse,1473.48,3.8,False,Eclipse Ultrabook 727Lite - Premium build quality with advanced features. Perfect for gaming.
718,Quantum Wireless Earbuds 630Lite,Audio,Quantum,2805.63,4.2,False,Quantum Wireless Earbuds 630Lite - Engineered for gamers and power users. Perfect for multimedia.
719,Strive 4K Monitor 901Max,Peripherals,Strive,436.86,1.6,False,Strive 4K Monitor 901Max - Designed for everyday performance and reliability. Perfect for daily use.
720,Zenith Mechanical Keyboard 446Pro,Peripherals,Zenith,2441.85,3.9,False,Zenith Mechanical Keyboard 446Pro - Comfortable ergonomic design with long-lasting battery life. Perfect for gaming.
721,Prime Gaming Chair 407Lite,Gaming,Prime,370.43,1.8,False,Prime Gaming Chair 407Lite - Built with cutting-edge technology for superior experience. Perfect for multimedia.
722,CoreX Wireless Earbuds 239Max,Audio,CoreX,1354.88,1.2,False,CoreX Wireless Earbuds 239Max - High durability with modern aesthetics. Perfect for daily use.
723,Zenith Running Shoes 413Max,Footwear,Zenith,2724.25,3.0,False,Zenith Running Shoes 413Max - Compact and lightweight for easy portability. Perfect for gaming.
724,Volt Smart Wallet 299Pro,Accessories,Volt,2263.61,3.3,True,Volt Smart Wallet 299Pro - Built with cutting-edge technology for superior experience. Perfect for daily use.
725,Fusion Drone 388S,Electronics,Fusion,1711.59,3.1,True,Fusion Drone 388S - Designed for everyday performance and reliability. Perfect for daily use.
726,Eclipse Smartwatch 160Lite,Electronics,Eclipse,931.53,4.4,False,Eclipse Smartwatch 160Lite - Comfortable ergonomic design with long-lasting battery life. Perfect for office work.
727,Vertex Smartphone 495Lite,Electronics,Vertex,1594.14,1.8,True,Vertex Smartphone 495Lite - Designed for everyday performance and reliability. Perfect for travel.
728,HyperX Gaming Laptop 258Lite,Laptops,HyperX,1176.66,1.9,False,HyperX Gaming Laptop 258Lite - High durability with modern aesthetics. Perfect for office work.
729,Vertex Gaming Mouse 657Max,Peripherals,Vertex,206.48,2.0,True,Vertex Gaming Mouse 657Max - Optimized for productivity and entertainment. Perfect for travel.
730,Orbit Webcam 917X,Peripherals,Orbit,1601.06,1.4,False,Orbit Webcam 917X - Compact and lightweight for easy portability. Perfect for travel.
731,Nimbus Ultrabook 200Max,Laptops,Nimbus,2544.53,3.2,False,Nimbus Ultrabook 200Max - Built with cutting-edge technology for superior experience. Perfect for gaming.
732,Pulse Phone Case 269X,Accessories,Pulse,2652.84,4.2,False,Pulse Phone Case 269X - Engineered for gamers and power users. Perfect for multimedia.
733,Fusion Gaming Laptop 985Lite,Laptops,Fusion,1362.87,4.6,True,Fusion Gaming Laptop 985Lite - High durability with modern aesthetics. Perfect for travel.
734,Quantum Hiking Boots 935Pro,Footwear,Quantum,1633.9,2.7,True,Quantum Hiking Boots 935Pro - Optimized for productivity and entertainment. Perfect for travel.
735,Pulse Noise Cancelling Headphones 998X,Audio,Pulse,171.9,1.3,True,Pulse Noise Cancelling Headphones 998X - Built with cutting-edge technology for superior experience. Perfect for travel.
736,Prime Running Shoes 552S,Footwear,Prime,754.2,3.8,True,Prime Running Shoes 552S - High durability with modern aesthetics. Perfect for gaming.
737,Pulse Smart Wallet 305X,Accessories,Pulse,1239.14,4.5,False,Pulse Smart Wallet 305X - Designed for everyday performance and reliability. Perfect for multimedia.
738,CoreX Soundbar 581Pro,Audio,CoreX,141.2,2.9,False,CoreX Soundbar 581Pro - Premium build quality with advanced features. Perfect for multimedia.
739,Zenith Gaming Mouse 914Lite,Peripherals,Zenith,1058.76,1.8,True,Zenith Gaming Mouse 914Lite - Designed for everyday performance and reliability. Perfect for multimedia.
740,Volt Drone 571Lite,Electronics,Volt,590.5,1.9,True,Volt Drone 571Lite - Optimized for productivity and entertainment. Perfect for travel.
741,NovaTech Tablet 878Lite,Electronics,NovaTech,1110.21,2.3,False,NovaTech Tablet 878Lite - Compact and lightweight for easy portability. Perfect for multimedia.
742,Volt Gaming Laptop 131Lite,Laptops,Volt,1501.51,4.6,True,Volt Gaming Laptop 131Lite - Optimized for productivity and entertainment. Perfect for daily use.
743,Quantum Controller 262Lite,Gaming,Quantum,1926.22,1.1,True,Quantum Controller 262Lite - High durability with modern aesthetics. Perfect for office work.
744,Orbit Phone Case 803Lite,Accessories,Orbit,1898.69,4.3,False,Orbit Phone Case 803Lite - High durability with modern aesthetics. Perfect for multimedia.
745,Strive Gaming Laptop 978Pro,Laptops,Strive,621.49,2.5,True,Strive Gaming Laptop 978Pro - Built with cutting-edge technology for superior experience. Perfect for office work.
746,HyperX Soundbar 458Max,Audio,HyperX,1016.41,3.9,True,HyperX Soundbar 458Max - Designed for everyday performance and reliability. Perfect for daily use.
747,Fusion Soundbar 566Lite,Audio,Fusion,288.25,4.8,True,Fusion Soundbar 566Lite - Engineered for gamers and power users. Perfect for daily use.
748,CoreX Backpack 971X,Accessories,CoreX,2252.04,3.2,True,CoreX Backpack 971X - Premium build quality with advanced features. Perfect for daily use.
749,HyperX Sneakers 361Lite,Footwear,HyperX,910.87,3.1,False,HyperX Sneakers 361Lite - Premium build quality with advanced features. Perfect for travel.
750,CoreX Hiking Boots 521X,Footwear,CoreX,425.73,4.3,True,CoreX Hiking Boots 521X - Comfortable ergonomic design with long-lasting battery life. Perfect for travel.
751,HyperX Mechanical Keyboard 148Lite,Peripherals,HyperX,2537.2,2.0,False,HyperX Mechanical Keyboard 148Lite - Engineered for gamers and power users. Perfect for multimedia.
752,Fusion Chromebook 301Pro,Laptops,Fusion,281.03,4.4,True,Fusion Chromebook 301Pro - Designed for everyday performance and reliability. Perfect for daily use.
753,CoreX Chromebook 381X,Laptops,CoreX,632.28,4.9,False,CoreX Chromebook 381X - Optimized for productivity and entertainment. Perfect for travel.
754,Pulse Smartphone 650X,Electronics,Pulse,1046.83,3.7,True,Pulse Smartphone 650X - High durability with modern aesthetics. Perfect for office work.
755,Vertex Smartphone 141Pro,Electronics,Vertex,2419.65,1.6,True,Vertex Smartphone 141Pro - Comfortable ergonomic design with long-lasting battery life. Perfect for travel.
756,HyperX Chromebook 298S,Laptops,HyperX,723.47,4.1,True,HyperX Chromebook 298S - Engineered for gamers and power users. Perfect for office work.
757,Vertex Business Laptop 140S,Laptops,Vertex,1756.86,2.8,True,Vertex Business Laptop 140S - High durability with modern aesthetics. Perfect for gaming.
758,Vertex Gaming Laptop 836Pro,Laptops,Vertex,1271.68,4.9,False,Vertex Gaming Laptop 836Pro - Engineered for gamers and power users. Perfect for daily use.
759,Prime Gaming Laptop 627X,Laptops,Prime,663.27,2.1,True,Prime Gaming Laptop 627X - Compact and lightweight for easy portability. Perfect for multimedia.
760,Volt Controller 754Max,Gaming,Volt,1769.02,4.3,False,Volt Controller 754Max - Compact and lightweight for easy portability. Perfect for daily use.
761,Zenith Webcam 557Max,Peripherals,Zenith,1790.38,4.6,True,Zenith Webcam 557Max - High durability with modern aesthetics. Perfect for multimedia.
762,HyperX Backpack 202Max,Accessories,HyperX,2644.72,5.0,True,HyperX Backpack 202Max - Comfortable ergonomic design with long-lasting battery life. Perfect for office work.
763,NovaTech Chromebook 196Lite,Laptops,NovaTech,2048.6,3.1,False,NovaTech Chromebook 196Lite - High durability with modern aesthetics. Perfect for daily use.
764,Eclipse Smartwatch 111X,Electronics,Eclipse,565.71,2.6,True,Eclipse Smartwatch 111X - Engineered for gamers and power users. Perfect for multimedia.
765,CoreX Backpack 363Lite,Accessories,CoreX,2772.82,4.2,False,CoreX Backpack 363Lite - Optimized for productivity and entertainment. Perfect for office work.
766,Volt Chromebook 268Pro,Laptops,Volt,1787.93,3.9,True,Volt Chromebook 268Pro - Optimized for productivity and entertainment. Perfect for daily use.
767,Prime Tablet 673Lite,Electronics,Prime,2927.12,1.7,False,Prime Tablet 673Lite - Designed for everyday performance and reliability. Perfect for daily use.
768,Quantum Phone Case 835S,Accessories,Quantum,1820.17,4.1,True,Quantum Phone Case 835S - Premium build quality with advanced features. Perfect for multimedia.
769,Strive Soundbar 619S,Audio,Strive,231.86,3.2,True,Strive Soundbar 619S - High durability with modern aesthetics. Perfect for daily use.
770,Vertex Soundbar 588X,Audio,Vertex,184.85,3.1,False,Vertex Soundbar 588X - Compact and lightweight for easy portability. Perfect for office work.
771,Aero Webcam 425Max,Peripherals,Aero,1773.42,4.5,False,Aero Webcam 425Max - Compact and lightweight for easy portability. Perfect for travel.
772,Nimbus Mechanical Keyboard 953Lite,Peripherals,Nimbus,486.46,2.0,True,Nimbus Mechanical Keyboard 953Lite - Comfortable ergonomic design with long-lasting battery life. Perfect for multimedia.
773,Quantum Camera 904X,Electronics,Quantum,2909.45,4.2,True,Quantum Camera 904X - Engineered for gamers and power users. Perfect for daily use.
774,Prime Noise Cancelling Headphones 961S,Audio,Prime,2654.11,4.3,False,Prime Noise Cancelling Headphones 961S - Premium build quality with advanced features. Perfect for gaming.
775,NovaTech Sandals 345X,Footwear,NovaTech,2286.51,4.6,False,NovaTech Sandals 345X - Comfortable ergonomic design with long-lasting battery life. Perfect for multimedia.
776,Fusion Wireless Earbuds 847Pro,Audio,Fusion,255.66,1.8,True,Fusion Wireless Earbuds 847Pro - High durability with modern aesthetics. Perfect for gaming.
777,Orbit Running Shoes 704Max,Footwear,Orbit,1724.71,1.6,True,Orbit Running Shoes 704Max - High durability with modern aesthetics. Perfect for daily use.
778,Volt Business Laptop 535Max,Laptops,Volt,1507.59,4.8,True,Volt Business Laptop 535Max - High durability with modern aesthetics. Perfect for daily use.
779,Pulse Gaming Console 165Pro,Gaming,Pulse,2463.62,1.1,True,Pulse Gaming Console 165Pro - Comfortable ergonomic design with long-lasting battery life. Perfect for daily use.
780,Aero Gaming Mouse 552Max,Peripherals,Aero,828.89,4.8,False,Aero Gaming Mouse 552Max - Compact and lightweight for easy portability. Perfect for multimedia.
781,Aero Noise Cancelling Headphones 942S,Audio,Aero,1302.28,2.7,False,Aero Noise Cancelling Headphones 942S - High durability with modern aesthetics. Perfect for multimedia.
782,Volt VR Headset 344Pro,Gaming,Volt,1758.2,1.5,True,Volt VR Headset 344Pro - Designed for everyday performance and reliability. Perfect for travel.
783,Volt Running Shoes 726Lite,Footwear,Volt,2448.62,1.9,True,Volt Running Shoes 726Lite - Premium build quality with advanced features. Perfect for office work.
784,Volt Business Laptop 504X,Laptops,Volt,1251.6,3.9,True,Volt Business Laptop 504X - Built with cutting-edge technology for superior experience. Perfect for daily use.
785,Aero Chromebook 888Pro,Laptops,Aero,316.33,1.4,False,Aero Chromebook 888Pro - Comfortable ergonomic design with long-lasting battery life. Perfect for travel.
786,HyperX Hiking Boots 833Pro,Footwear,HyperX,2272.18,2.2,True,HyperX Hiking Boots 833Pro - Comfortable ergonomic design with long-lasting battery life. Perfect for daily use.
787,Orbit Noise Cancelling Headphones 952S,Audio,Orbit,1388.58,3.8,False,Orbit Noise Cancelling Headphones 952S - Optimized for productivity and entertainment. Perfect for travel.
788,Quantum Sneakers 227Pro,Footwear,Quantum,1181.81,3.8,True,Quantum Sneakers 227Pro - Premium build quality with advanced features. Perfect for office work.
789,Fusion Smartphone 355Lite,Electronics,Fusion,2244.75,3.3,True,Fusion Smartphone 355Lite - Comfortable ergonomic design with long-lasting battery life. Perfect for office work.
790,CoreX Drone 261Pro,Electronics,CoreX,1743.97,3.9,True,CoreX Drone 261Pro - Optimized for productivity and entertainment. Perfect for office work.
791,CoreX Business Laptop 241Max,Laptops,CoreX,291.49,1.9,True,CoreX Business Laptop 241Max - Engineered for gamers and power users. Perfect for office work.
792,Strive Controller 338Max,Gaming,Strive,888.91,1.7,False,Strive Controller 338Max - Optimized for productivity and entertainment. Perfect for multimedia.
793,Eclipse Drone 706Max,Electronics,Eclipse,2772.58,4.6,False,Eclipse Drone 706Max - Designed for everyday performance and reliability. Perfect for daily use.
794,Strive Webcam 888S,Peripherals,Strive,2629.98,1.8,False,Strive Webcam 888S - High durability with modern aesthetics. Perfect for gaming.
795,HyperX Smart Wallet 130S,Accessories,HyperX,638.11,1.9,True,HyperX Smart Wallet 130S - Premium build quality with advanced features. Perfect for daily use.
796,Eclipse Noise Cancelling Headphones 244Lite,Audio,Eclipse,1888.94,3.6,True,Eclipse Noise Cancelling Headphones 244Lite - Optimized for productivity and entertainment. Perfect for daily use.
797,NovaTech Phone Case 477Pro,Accessories,NovaTech,745.36,4.8,True,NovaTech Phone Case 477Pro - Optimized for productivity and entertainment. Perfect for travel.
798,Orbit Mechanical Keyboard 675Lite,Peripherals,Orbit,2241.99,4.5,False,Orbit Mechanical Keyboard 675Lite - Premium build quality with advanced features. Perfect for office work.
799,Pulse Gaming Mouse 168Lite,Peripherals,Pulse,2903.3,1.1,True,Pulse Gaming Mouse 168Lite - High durability with modern aesthetics. Perfect for office work.
800,Pulse Ultrabook 454X,Laptops,Pulse,572.74,4.1,False,Pulse Ultrabook 454X - Compact and lightweight for easy portability. Perfect for multimedia.
801,Nimbus Camera 672Max,Electronics,Nimbus,1082.07,4.4,False,Nimbus Camera 672Max - Engineered for gamers and power users. Perfect for gaming.
802,Orbit Chromebook 257Lite,Laptops,Orbit,2225.83,3.7,True,Orbit Chromebook 257Lite - Designed for everyday performance and reliability. Perfect for daily use.
803,Orbit Ultrabook 568Max,Laptops,Orbit,1491.54,1.1,True,Orbit Ultrabook 568Max - Premium build quality with advanced features. Perfect for gaming.
804,Eclipse Gaming Chair 450Max,Gaming,Eclipse,191.61,4.8,False,Eclipse Gaming Chair 450Max - High durability with modern aesthetics. Perfect for travel.
805,Pulse Camera 560Lite,Electronics,Pulse,1731.66,3.6,True,Pulse Camera 560Lite - Compact and lightweight for easy portability. Perfect for multimedia.
806,Zenith Gaming Laptop 188Max,Laptops,Zenith,2937.14,3.5,False,Zenith Gaming Laptop 188Max - Engineered for gamers and power users. Perfect for multimedia.
807,Pulse Chromebook 638S,Laptops,Pulse,1907.5,1.7,True,Pulse Chromebook 638S - Comfortable ergonomic design with long-lasting battery life. Perfect for multimedia.
808,Aero Sneakers 916X,Footwear,Aero,1355.13,1.9,True,Aero Sneakers 916X - Compact and lightweight for easy portability. Perfect for gaming.
809,Strive Gaming Console 102X,Gaming,Strive,92.18,3.2,False,Strive Gaming Console 102X - Comfortable ergonomic design with long-lasting battery life. Perfect for daily use.
810,Zenith Sneakers 505Lite,Footwear,Zenith,1723.93,4.3,False,Zenith Sneakers 505Lite - Premium build quality with advanced features. Perfect for multimedia.
811,Vertex Camera 618X,Electronics,Vertex,1130.16,4.3,True,Vertex Camera 618X - Premium build quality with advanced features. Perfect for daily use.
812,Eclipse Gaming Laptop 433Max,Laptops,Eclipse,1217.79,2.0,True,Eclipse Gaming Laptop 433Max - Comfortable ergonomic design with long-lasting battery life. Perfect for travel.
813,HyperX Soundbar 701X,Audio,HyperX,1292.57,2.8,False,HyperX Soundbar 701X - Optimized for productivity and entertainment. Perfect for daily use.
814,Aero Tablet 777Max,Electronics,Aero,119.71,1.1,False,Aero Tablet 777Max - Compact and lightweight for easy portability. Perfect for gaming.
815,Vertex Smart Wallet 425S,Accessories,Vertex,483.45,1.7,True,Vertex Smart Wallet 425S - Built with cutting-edge technology for superior experience. Perfect for travel.
816,Pulse Tablet 788Max,Electronics,Pulse,352.12,3.9,True,Pulse Tablet 788Max - Optimized for productivity and entertainment. Perfect for gaming.
817,Prime Tablet 916Max,Electronics,Prime,1124.58,1.8,False,Prime Tablet 916Max - High durability with modern aesthetics. Perfect for daily use.
818,Nimbus Smartwatch 427Max,Electronics,Nimbus,1294.65,5.0,True,Nimbus Smartwatch 427Max - Engineered for gamers and power users. Perfect for office work.
819,Volt VR Headset 529Lite,Gaming,Volt,39.16,2.1,False,Volt VR Headset 529Lite - High durability with modern aesthetics. Perfect for travel.
820,Strive Gaming Console 455Pro,Gaming,Strive,2572.77,4.2,False,Strive Gaming Console 455Pro - High durability with modern aesthetics. Perfect for office work.
821,HyperX Wireless Earbuds 788Lite,Audio,HyperX,2481.59,2.2,False,HyperX Wireless Earbuds 788Lite - Designed for everyday performance and reliability. Perfect for daily use.
822,Nimbus VR Headset 602Pro,Gaming,Nimbus,30.5,1.0,False,Nimbus VR Headset 602Pro - Engineered for gamers and power users. Perfect for office work.
823,Fusion Wireless Earbuds 461Pro,Audio,Fusion,2765.56,2.5,True,Fusion Wireless Earbuds 461Pro - Comfortable ergonomic design with long-lasting battery life. Perfect for travel.
824,Prime Backpack 793Pro,Accessories,Prime,1088.89,2.6,True,Prime Backpack 793Pro - High durability with modern aesthetics. Perfect for travel.
825,Nimbus Smartwatch 264Max,Electronics,Nimbus,1356.16,3.3,False,Nimbus Smartwatch 264Max - Compact and lightweight for easy portability. Perfect for daily use.
826,Volt 4K Monitor 461S,Peripherals,Volt,48.06,2.3,False,Volt 4K Monitor 461S - Comfortable ergonomic design with long-lasting battery life. Perfect for gaming.
827,Nimbus Phone Case 331Lite,Accessories,Nimbus,2800.49,2.2,True,Nimbus Phone Case 331Lite - Engineered for gamers and power users. Perfect for gaming.
828,Prime Hiking Boots 837S,Footwear,Prime,2372.85,4.8,True,Prime Hiking Boots 837S - Compact and lightweight for easy portability. Perfect for travel.
829,Aero Gaming Console 478Max,Gaming,Aero,2050.4,3.4,True,Aero Gaming Console 478Max - Compact and lightweight for easy portability. Perfect for multimedia.
830,Prime Tablet 875Max,Electronics,Prime,955.8,4.7,False,Prime Tablet 875Max - Optimized for productivity and entertainment. Perfect for daily use.
831,Vertex Gaming Laptop 632Max,Laptops,Vertex,468.41,1.8,True,Vertex Gaming Laptop 632Max - Compact and lightweight for easy portability. Perfect for gaming.
832,HyperX Gaming Laptop 491X,Laptops,HyperX,2449.85,1.9,False,HyperX Gaming Laptop 491X - Engineered for gamers and power users. Perfect for gaming.
833,Prime VR Headset 423X,Gaming,Prime,2408.47,1.2,True,Prime VR Headset 423X - Comfortable ergonomic design with long-lasting battery life. Perfect for multimedia.
834,Prime Gaming Mouse 167X,Peripherals,Prime,721.57,2.9,False,Prime Gaming Mouse 167X - High durability with modern aesthetics. Perfect for multimedia.
835,Orbit Gaming Console 535Max,Gaming,Orbit,1754.99,2.7,True,Orbit Gaming Console 535Max - Built with cutting-edge technology for superior experience. Perfect for multimedia.
836,CoreX Gaming Laptop 745Lite,Laptops,CoreX,2400.91,3.2,True,CoreX Gaming Laptop 745Lite - Premium build quality with advanced features. Perfect for gaming.
837,Nimbus Backpack 318X,Accessories,Nimbus,395.77,1.1,False,Nimbus Backpack 318X - Designed for everyday performance and reliability. Perfect for daily use.
838,Strive Phone Case 641Lite,Accessories,Strive,2796.24,3.2,False,Strive Phone Case 641Lite - Optimized for productivity and entertainment. Perfect for gaming.
839,NovaTech Bluetooth Speaker 290S,Audio,NovaTech,2290.42,3.5,False,NovaTech Bluetooth Speaker 290S - Compact and lightweight for easy portability. Perfect for gaming.
840,Vertex Ultrabook 883S,Laptops,Vertex,210.46,1.6,False,Vertex Ultrabook 883S - Built with cutting-edge technology for superior experience. Perfect for daily use.
841,HyperX Sneakers 604X,Footwear,HyperX,599.54,3.7,True,HyperX Sneakers 604X - Designed for everyday performance and reliability. Perfect for office work.
842,Quantum Soundbar 448Pro,Audio,Quantum,2216.83,3.9,True,Quantum Soundbar 448Pro - Engineered for gamers and power users. Perfect for travel.
843,Fusion Smartphone 208S,Electronics,Fusion,618.35,2.6,False,Fusion Smartphone 208S - Designed for everyday performance and reliability. Perfect for travel.
844,Volt Mechanical Keyboard 569X,Peripherals,Volt,1646.08,2.9,True,Volt Mechanical Keyboard 569X - High durability with modern aesthetics. Perfect for gaming.
845,Quantum Smartphone 664Max,Electronics,Quantum,595.51,2.7,True,Quantum Smartphone 664Max - Optimized for productivity and entertainment. Perfect for multimedia.
846,CoreX Controller 350Lite,Gaming,CoreX,1655.18,3.0,False,CoreX Controller 350Lite - Premium build quality with advanced features. Perfect for travel.
847,CoreX Gaming Mouse 109Lite,Peripherals,CoreX,2199.74,2.8,True,CoreX Gaming Mouse 109Lite - Comfortable ergonomic design with long-lasting battery life. Perfect for gaming.
848,CoreX Hiking Boots 801Pro,Footwear,CoreX,2140.29,5.0,False,CoreX Hiking Boots 801Pro - Built with cutting-edge technology for superior experience. Perfect for daily use.
849,CoreX Mechanical Keyboard 227Max,Peripherals,CoreX,1655.5,4.7,True,CoreX Mechanical Keyboard 227Max - High durability with modern aesthetics. Perfect for daily use.
850,NovaTech Sandals 279Lite,Footwear,NovaTech,727.79,3.0,False,NovaTech Sandals 279Lite - Compact and lightweight for easy portability. Perfect for daily use.
851,Prime Bluetooth Speaker 159Pro,Audio,Prime,40.36,4.1,True,Prime Bluetooth Speaker 159Pro - Optimized for productivity and entertainment. Perfect for gaming.
852,NovaTech Webcam 110S,Peripherals,NovaTech,701.93,1.4,False,NovaTech Webcam 110S - Comfortable ergonomic design with long-lasting battery life. Perfect for daily use.
853,Nimbus Smartwatch 403Pro,Electronics,Nimbus,1760.62,4.7,True,Nimbus Smartwatch 403Pro - Compact and lightweight for easy portability. Perfect for travel.
854,HyperX Ultrabook 531X,Laptops,HyperX,835.07,3.1,True,HyperX Ultrabook 531X - Engineered for gamers and power users. Perfect for office work.
855,HyperX Tablet 712X,Electronics,HyperX,794.77,2.0,True,HyperX Tablet 712X - Compact and lightweight for easy portability. Perfect for multimedia.
856,Quantum Mechanical Keyboard 926Pro,Peripherals,Quantum,595.74,2.9,True,Quantum Mechanical Keyboard 926Pro - Comfortable ergonomic design with long-lasting battery life. Perfect for office work.
857,Aero Gaming Laptop 884X,Laptops,Aero,1213.27,5.0,True,Aero Gaming Laptop 884X - Optimized for productivity and entertainment. Perfect for office work.
858,Eclipse Mechanical Keyboard 918Lite,Peripherals,Eclipse,1621.04,2.3,False,Eclipse Mechanical Keyboard 918Lite - High durability with modern aesthetics. Perfect for travel.
859,Quantum Sandals 453Pro,Footwear,Quantum,74.4,1.8,False,Quantum Sandals 453Pro - Built with cutting-edge technology for superior experience. Perfect for travel.
860,Eclipse Smartphone 413Pro,Electronics,Eclipse,583.3,1.8,True,Eclipse Smartphone 413Pro - Built with cutting-edge technology for superior experience. Perfect for multimedia.
861,Zenith Noise Cancelling Headphones 236Pro,Audio,Zenith,2335.74,4.8,False,Zenith Noise Cancelling Headphones 236Pro - Optimized for productivity and entertainment. Perfect for multimedia.
862,Volt Laptop Sleeve 565Pro,Accessories,Volt,500.47,2.5,False,Volt Laptop Sleeve 565Pro - Comfortable ergonomic design with long-lasting battery life. Perfect for multimedia.
863,Orbit Chromebook 867S,Laptops,Orbit,944.02,4.0,False,Orbit Chromebook 867S - Compact and lightweight for easy portability. Perfect for gaming.
864,Pulse Smartphone 973Pro,Electronics,Pulse,325.89,4.7,True,Pulse Smartphone 973Pro - Designed for everyday performance and reliability. Perfect for daily use.
865,Prime Noise Cancelling Headphones 405S,Audio,Prime,1362.24,3.3,False,Prime Noise Cancelling Headphones 405S - Optimized for productivity and entertainment. Perfect for travel.
866,Vertex Wireless Earbuds 831Pro,Audio,Vertex,1211.85,3.1,True,Vertex Wireless Earbuds 831Pro - Premium build quality with advanced features. Perfect for daily use.
867,Volt VR Headset 365S,Gaming,Volt,813.06,3.5,True,Volt VR Headset 365S - Engineered for gamers and power users. Perfect for travel.
868,Fusion Smart Wallet 503Max,Accessories,Fusion,2367.49,1.6,True,Fusion Smart Wallet 503Max - Optimized for productivity and entertainment. Perfect for travel.
869,HyperX Ultrabook 835Pro,Laptops,HyperX,2480.79,1.6,True,HyperX Ultrabook 835Pro - Compact and lightweight for easy portability. Perfect for gaming.
870,Orbit Mechanical Keyboard 992Pro,Peripherals,Orbit,707.02,4.3,False,Orbit Mechanical Keyboard 992Pro - Premium build quality with advanced features. Perfect for gaming.
871,CoreX Mechanical Keyboard 583S,Peripherals,CoreX,1018.46,1.7,True,CoreX Mechanical Keyboard 583S - Built with cutting-edge technology for superior experience. Perfect for office work.
872,Volt Running Shoes 958X,Footwear,Volt,1894.76,3.4,False,Volt Running Shoes 958X - Premium build quality with advanced features. Perfect for multimedia.
873,Prime Hiking Boots 251S,Footwear,Prime,791.84,1.6,False,Prime Hiking Boots 251S - Compact and lightweight for easy portability. Perfect for multimedia.
874,Nimbus Soundbar 467Pro,Audio,Nimbus,616.82,4.8,True,Nimbus Soundbar 467Pro - Engineered for gamers and power users. Perfect for multimedia.
875,Quantum Sandals 393X,Footwear,Quantum,49.84,4.7,False,Quantum Sandals 393X - Compact and lightweight for easy portability. Perfect for gaming.
876,Orbit Drone 813X,Electronics,Orbit,2677.94,1.8,False,Orbit Drone 813X - Compact and lightweight for easy portability. Perfect for travel.
877,NovaTech Gaming Mouse 545S,Peripherals,NovaTech,1674.32,4.4,False,NovaTech Gaming Mouse 545S - Premium build quality with advanced features. Perfect for office work.
878,Quantum Hiking Boots 195Max,Footwear,Quantum,1544.42,3.8,False,Quantum Hiking Boots 195Max - Built with cutting-edge technology for superior experience. Perfect for daily use.
879,Nimbus Sneakers 503X,Footwear,Nimbus,2896.34,3.6,True,Nimbus Sneakers 503X - Comfortable ergonomic design with long-lasting battery life. Perfect for gaming.
880,HyperX Webcam 481S,Peripherals,HyperX,919.51,3.8,False,HyperX Webcam 481S - Engineered for gamers and power users. Perfect for travel.
881,NovaTech Wireless Earbuds 325Lite,Audio,NovaTech,554.56,4.3,True,NovaTech Wireless Earbuds 325Lite - Engineered for gamers and power users. Perfect for office work.
882,Vertex Gaming Chair 799Max,Gaming,Vertex,1364.71,1.1,True,Vertex Gaming Chair 799Max - Engineered for gamers and power users. Perfect for office work.
883,Zenith Mechanical Keyboard 334Pro,Peripherals,Zenith,2539.51,2.2,True,Zenith Mechanical Keyboard 334Pro - Premium build quality with advanced features. Perfect for multimedia.
884,Strive Tablet 602Pro,Electronics,Strive,1185.53,1.9,True,Strive Tablet 602Pro - Engineered for gamers and power users. Perfect for office work.
885,Fusion Laptop Sleeve 404Pro,Accessories,Fusion,141.42,3.1,False,Fusion Laptop Sleeve 404Pro - Optimized for productivity and entertainment. Perfect for daily use.
886,Zenith Gaming Mouse 220S,Peripherals,Zenith,2803.7,4.8,False,Zenith Gaming Mouse 220S - Built with cutting-edge technology for superior experience. Perfect for daily use.
887,Eclipse Mechanical Keyboard 670S,Peripherals,Eclipse,1113.1,2.4,False,Eclipse Mechanical Keyboard 670S - High durability with modern aesthetics. Perfect for travel.
888,Nimbus Webcam 767X,Peripherals,Nimbus,2889.86,4.7,True,Nimbus Webcam 767X - Designed for everyday performance and reliability. Perfect for daily use.
889,Strive Backpack 238Pro,Accessories,Strive,2090.35,2.1,False,Strive Backpack 238Pro - Compact and lightweight for easy portability. Perfect for multimedia.
890,Volt Phone Case 648Lite,Accessories,Volt,1139.33,1.2,True,Volt Phone Case 648Lite - Designed for everyday performance and reliability. Perfect for office work.
891,Prime 4K Monitor 322Max,Peripherals,Prime,1682.25,4.7,True,Prime 4K Monitor 322Max - Built with cutting-edge technology for superior experience. Perfect for daily use.
892,NovaTech Phone Case 376Pro,Accessories,NovaTech,2684.95,4.2,False,NovaTech Phone Case 376Pro - Compact and lightweight for easy portability. Perfect for gaming.
893,HyperX Backpack 730Max,Accessories,HyperX,485.68,4.0,True,HyperX Backpack 730Max - Engineered for gamers and power users. Perfect for multimedia.
894,Strive Soundbar 915Pro,Audio,Strive,202.81,3.5,True,Strive Soundbar 915Pro - High durability with modern aesthetics. Perfect for multimedia.
895,CoreX Smart Wallet 308Lite,Accessories,CoreX,810.21,3.9,True,CoreX Smart Wallet 308Lite - Engineered for gamers and power users. Perfect for office work.
896,Prime Wireless Earbuds 744S,Audio,Prime,282.67,2.1,True,Prime Wireless Earbuds 744S - Comfortable ergonomic design with long-lasting battery life. Perfect for gaming.
897,Zenith Gaming Console 282Pro,Gaming,Zenith,38.44,3.3,True,Zenith Gaming Console 282Pro - Designed for everyday performance and reliability. Perfect for travel.
898,Quantum Drone 295X,Electronics,Quantum,1585.1,2.0,True,Quantum Drone 295X - Comfortable ergonomic design with long-lasting battery life. Perfect for daily use.
899,Volt Ultrabook 471S,Laptops,Volt,2556.29,4.4,True,Volt Ultrabook 471S - Built with cutting-edge technology for superior experience. Perfect for daily use.
900,NovaTech Mechanical Keyboard 203Lite,Peripherals,NovaTech,1078.49,3.9,False,NovaTech Mechanical Keyboard 203Lite - Comfortable ergonomic design with long-lasting battery life. Perfect for travel.
901,Eclipse Wireless Earbuds 521S,Audio,Eclipse,1291.93,1.1,False,Eclipse Wireless Earbuds 521S - Optimized for productivity and entertainment. Perfect for office work.
902,Nimbus Mechanical Keyboard 968Max,Peripherals,Nimbus,946.42,4.3,False,Nimbus Mechanical Keyboard 968Max - High durability with modern aesthetics. Perfect for office work.
903,Zenith 4K Monitor 889Max,Peripherals,Zenith,2661.37,2.7,False,Zenith 4K Monitor 889Max - High durability with modern aesthetics. Perfect for travel.
904,Prime Controller 494Lite,Gaming,Prime,423.56,2.2,True,Prime Controller 494Lite - High durability with modern aesthetics. Perfect for gaming.
905,Vertex Wireless Earbuds 972Pro,Audio,Vertex,187.6,2.3,False,Vertex Wireless Earbuds 972Pro - Optimized for productivity and entertainment. Perfect for office work.
906,Prime VR Headset 907Lite,Gaming,Prime,2320.57,1.4,True,Prime VR Headset 907Lite - Comfortable ergonomic design with long-lasting battery life. Perfect for multimedia.
907,Quantum Phone Case 624X,Accessories,Quantum,2868.31,4.5,True,Quantum Phone Case 624X - Designed for everyday performance and reliability. Perfect for daily use.
908,HyperX Smartphone 300Max,Electronics,HyperX,183.03,2.3,False,HyperX Smartphone 300Max - Engineered for gamers and power users. Perfect for gaming.
909,Vertex Gaming Laptop 855S,Laptops,Vertex,1213.05,4.1,True,Vertex Gaming Laptop 855S - Premium build quality with advanced features. Perfect for office work.
910,Aero Soundbar 822Pro,Audio,Aero,2099.61,4.5,False,Aero Soundbar 822Pro - Optimized for productivity and entertainment. Perfect for daily use.
911,Aero Camera 362Pro,Electronics,Aero,2911.84,2.2,False,Aero Camera 362Pro - Premium build quality with advanced features. Perfect for office work.
912,Volt Noise Cancelling Headphones 976Lite,Audio,Volt,384.53,2.5,True,Volt Noise Cancelling Headphones 976Lite - Engineered for gamers and power users. Perfect for gaming.
913,Volt Drone 338Lite,Electronics,Volt,1470.05,4.1,True,Volt Drone 338Lite - Designed for everyday performance and reliability. Perfect for multimedia.
914,NovaTech Backpack 266X,Accessories,NovaTech,671.53,3.2,False,NovaTech Backpack 266X - Designed for everyday performance and reliability. Perfect for gaming.
915,Quantum VR Headset 447Pro,Gaming,Quantum,1718.93,1.1,False,Quantum VR Headset 447Pro - Optimized for productivity and entertainment. Perfect for daily use.
916,NovaTech Backpack 638Lite,Accessories,NovaTech,238.93,3.7,True,NovaTech Backpack 638Lite - Designed for everyday performance and reliability. Perfect for gaming.
917,Zenith Controller 680Lite,Gaming,Zenith,811.47,2.5,True,Zenith Controller 680Lite - Premium build quality with advanced features. Perfect for gaming.
918,CoreX VR Headset 661X,Gaming,CoreX,1319.67,2.3,True,CoreX VR Headset 661X - Optimized for productivity and entertainment. Perfect for office work.
919,Zenith Phone Case 265Pro,Accessories,Zenith,2953.43,2.2,True,Zenith Phone Case 265Pro - Designed for everyday performance and reliability. Perfect for office work.
920,Nimbus Chromebook 388Pro,Laptops,Nimbus,1397.01,4.9,False,Nimbus Chromebook 388Pro - Designed for everyday performance and reliability. Perfect for office work.
921,HyperX Wireless Earbuds 670Max,Audio,HyperX,1664.55,1.8,False,HyperX Wireless Earbuds 670Max - Optimized for productivity and entertainment. Perfect for daily use.
922,Nimbus Mechanical Keyboard 527S,Peripherals,Nimbus,1280.35,3.0,True,Nimbus Mechanical Keyboard 527S - Comfortable ergonomic design with long-lasting battery life. Perfect for multimedia.
923,Fusion Business Laptop 681Pro,Laptops,Fusion,1417.63,3.6,False,Fusion Business Laptop 681Pro - Built with cutting-edge technology for superior experience. Perfect for office work.
924,Fusion Drone 883Pro,Electronics,Fusion,142.33,3.1,False,Fusion Drone 883Pro - High durability with modern aesthetics. Perfect for travel.
925,Quantum Running Shoes 791Max,Footwear,Quantum,2196.2,3.3,False,Quantum Running Shoes 791Max - Optimized for productivity and entertainment. Perfect for gaming.
926,Orbit Ultrabook 522Pro,Laptops,Orbit,2784.98,4.9,True,Orbit Ultrabook 522Pro - Engineered for gamers and power users. Perfect for multimedia.
927,Zenith Sneakers 155S,Footwear,Zenith,2076.55,3.8,True,Zenith Sneakers 155S - Comfortable ergonomic design with long-lasting battery life. Perfect for daily use.
928,Nimbus Gaming Mouse 719Max,Peripherals,Nimbus,677.21,1.3,True,Nimbus Gaming Mouse 719Max - Designed for everyday performance and reliability. Perfect for office work.
929,Quantum Ultrabook 580Lite,Laptops,Quantum,1946.64,4.6,False,Quantum Ultrabook 580Lite - Compact and lightweight for easy portability. Perfect for daily use.
930,Volt Gaming Chair 645S,Gaming,Volt,1830.03,2.1,True,Volt Gaming Chair 645S - Compact and lightweight for easy portability. Perfect for travel.
931,Fusion Mechanical Keyboard 912X,Peripherals,Fusion,738.49,5.0,True,Fusion Mechanical Keyboard 912X - Built with cutting-edge technology for superior experience. Perfect for multimedia.
932,Eclipse Gaming Chair 100Lite,Gaming,Eclipse,87.4,2.6,False,Eclipse Gaming Chair 100Lite - Comfortable ergonomic design with long-lasting battery life. Perfect for multimedia.
933,Zenith Sandals 673Max,Footwear,Zenith,902.28,5.0,False,Zenith Sandals 673Max - Built with cutting-edge technology for superior experience. Perfect for gaming.
934,Quantum Noise Cancelling Headphones 295S,Audio,Quantum,461.61,4.1,True,Quantum Noise Cancelling Headphones 295S - Compact and lightweight for easy portability. Perfect for gaming.
935,Quantum Smartphone 656S,Electronics,Quantum,547.15,4.5,False,Quantum Smartphone 656S - Premium build quality with advanced features. Perfect for office work.
936,Quantum Webcam 235Lite,Peripherals,Quantum,441.14,3.0,True,Quantum Webcam 235Lite - Designed for everyday performance and reliability. Perfect for daily use.
937,Orbit Laptop Sleeve 313S,Accessories,Orbit,557.34,4.6,False,Orbit Laptop Sleeve 313S - Comfortable ergonomic design with long-lasting battery life. Perfect for gaming.
938,Nimbus Noise Cancelling Headphones 230S,Audio,Nimbus,1295.16,1.0,True,Nimbus Noise Cancelling Headphones 230S - Designed for everyday performance and reliability. Perfect for multimedia.
939,Pulse Gaming Laptop 235Lite,Laptops,Pulse,211.2,2.7,True,Pulse Gaming Laptop 235Lite - High durability with modern aesthetics. Perfect for gaming.
940,Aero Soundbar 355Pro,Audio,Aero,1168.9,3.6,True,Aero Soundbar 355Pro - Compact and lightweight for easy portability. Perfect for multimedia.
941,Nimbus Sneakers 587Pro,Footwear,Nimbus,423.24,1.0,True,Nimbus Sneakers 587Pro - Premium build quality with advanced features. Perfect for office work.
942,Eclipse Gaming Mouse 458Max,Peripherals,Eclipse,573.99,3.3,False,Eclipse Gaming Mouse 458Max - Comfortable ergonomic design with long-lasting battery life. Perfect for gaming.
943,HyperX Ultrabook 103Max,Laptops,HyperX,165.33,2.6,True,HyperX Ultrabook 103Max - Optimized for productivity and entertainment. Perfect for daily use.
944,CoreX Drone 252Max,Electronics,CoreX,2768.57,3.6,False,CoreX Drone 252Max - Designed for everyday performance and reliability. Perfect for gaming.
945,HyperX Smart Wallet 385X,Accessories,HyperX,2509.62,2.5,False,HyperX Smart Wallet 385X - High durability with modern aesthetics. Perfect for multimedia.
946,Strive Soundbar 604Lite,Audio,Strive,282.79,3.4,True,Strive Soundbar 604Lite - Compact and lightweight for easy portability. Perfect for daily use.
947,Eclipse VR Headset 830Lite,Gaming,Eclipse,2181.25,4.1,False,Eclipse VR Headset 830Lite - Built with cutting-edge technology for superior experience. Perfect for office work.
948,Strive Bluetooth Speaker 921Lite,Audio,Strive,2834.32,4.4,True,Strive Bluetooth Speaker 921Lite - Premium build quality with advanced features. Perfect for daily use.
949,Fusion Mechanical Keyboard 444Max,Peripherals,Fusion,2588.24,3.8,True,Fusion Mechanical Keyboard 444Max - Premium build quality with advanced features. Perfect for travel.
950,Eclipse Ultrabook 847S,Laptops,Eclipse,1830.95,1.5,False,Eclipse Ultrabook 847S - Comfortable ergonomic design with long-lasting battery life. Perfect for gaming.
951,Orbit Soundbar 773Pro,Audio,Orbit,874.18,3.2,True,Orbit Soundbar 773Pro - High durability with modern aesthetics. Perfect for travel.
952,Pulse Gaming Laptop 240Pro,Laptops,Pulse,2289.01,3.6,False,Pulse Gaming Laptop 240Pro - High durability with modern aesthetics. Perfect for multimedia.
953,Nimbus Tablet 371X,Electronics,Nimbus,988.89,2.4,True,Nimbus Tablet 371X - Optimized for productivity and entertainment. Perfect for travel.
954,Nimbus Webcam 896S,Peripherals,Nimbus,222.51,4.6,False,Nimbus Webcam 896S - Premium build quality with advanced features. Perfect for daily use.
955,Fusion Gaming Console 137Max,Gaming,Fusion,1172.04,1.2,True,Fusion Gaming Console 137Max - Built with cutting-edge technology for superior experience. Perfect for travel.
956,Eclipse Ultrabook 586Max,Laptops,Eclipse,244.3,1.7,True,Eclipse Ultrabook 586Max - Optimized for productivity and entertainment. Perfect for travel.
957,Orbit Wireless Earbuds 665Max,Audio,Orbit,2715.22,3.3,True,Orbit Wireless Earbuds 665Max - Built with cutting-edge technology for superior experience. Perfect for daily use.
958,Nimbus Hiking Boots 308Max,Footwear,Nimbus,1135.17,3.8,False,Nimbus Hiking Boots 308Max - Built with cutting-edge technology for superior experience. Perfect for gaming.
959,CoreX Hiking Boots 837Max,Footwear,CoreX,184.91,3.2,False,CoreX Hiking Boots 837Max - Engineered for gamers and power users. Perfect for travel.
960,Strive Phone Case 988Lite,Accessories,Strive,189.37,4.7,True,Strive Phone Case 988Lite - Premium build quality with advanced features. Perfect for travel.
961,Aero 4K Monitor 661X,Peripherals,Aero,2220.25,3.8,True,Aero 4K Monitor 661X - Built with cutting-edge technology for superior experience. Perfect for gaming.
962,Vertex Camera 962S,Electronics,Vertex,255.06,3.2,False,Vertex Camera 962S - Premium build quality with advanced features. Perfect for gaming.
963,NovaTech Chromebook 815Max,Laptops,NovaTech,281.94,1.7,True,NovaTech Chromebook 815Max - Compact and lightweight for easy portability. Perfect for daily use.
964,Vertex Laptop Sleeve 711X,Accessories,Vertex,2723.36,4.7,True,Vertex Laptop Sleeve 711X - High durability with modern aesthetics. Perfect for daily use.
965,Vertex Gaming Mouse 810Lite,Peripherals,Vertex,932.17,1.7,False,Vertex Gaming Mouse 810Lite - Comfortable ergonomic design with long-lasting battery life. Perfect for office work.
966,CoreX Ultrabook 659Lite,Laptops,CoreX,2220.08,4.8,True,CoreX Ultrabook 659Lite - Premium build quality with advanced features. Perfect for office work.
967,HyperX 4K Monitor 588S,Peripherals,HyperX,2842.26,3.3,True,HyperX 4K Monitor 588S - Built with cutting-edge technology for superior experience. Perfect for gaming.
968,Eclipse Gaming Mouse 925S,Peripherals,Eclipse,1299.62,2.8,True,Eclipse Gaming Mouse 925S - Premium build quality with advanced features. Perfect for travel.
969,Strive Gaming Chair 843S,Gaming,Strive,2425.98,3.4,True,Strive Gaming Chair 843S - Comfortable ergonomic design with long-lasting battery life. Perfect for daily use.
970,Volt Gaming Console 552Lite,Gaming,Volt,51.09,2.2,False,Volt Gaming Console 552Lite - Engineered for gamers and power users. Perfect for office work.
971,HyperX Smart Wallet 565Lite,Accessories,HyperX,860.48,4.4,False,HyperX Smart Wallet 565Lite - High durability with modern aesthetics. Perfect for multimedia.
972,Pulse Smartwatch 125S,Electronics,Pulse,1161.96,4.1,False,Pulse Smartwatch 125S - Engineered for gamers and power users. Perfect for office work.
973,Zenith VR Headset 395Pro,Gaming,Zenith,872.52,1.6,True,Zenith VR Headset 395Pro - Comfortable ergonomic design with long-lasting battery life. Perfect for daily use.
974,Fusion Ultrabook 855Max,Laptops,Fusion,656.53,3.0,True,Fusion Ultrabook 855Max - Comfortable ergonomic design with long-lasting battery life. Perfect for office work.
975,Orbit Gaming Laptop 713X,Laptops,Orbit,321.77,4.4,False,Orbit Gaming Laptop 713X - Comfortable ergonomic design with long-lasting battery life. Perfect for office work.
976,NovaTech Gaming Console 480Max,Gaming,NovaTech,99.69,1.3,False,NovaTech Gaming Console 480Max - Engineered for gamers and power users. Perfect for gaming.
977,Aero Gaming Chair 177Max,Gaming,Aero,1138.13,4.5,False,Aero Gaming Chair 177Max - Comfortable ergonomic design with long-lasting battery life. Perfect for travel.
978,Pulse Smart Wallet 876S,Accessories,Pulse,2148.16,2.8,True,Pulse Smart Wallet 876S - Compact and lightweight for easy portability. Perfect for office work.
979,Volt Ultrabook 500X,Laptops,Volt,572.81,4.0,False,Volt Ultrabook 500X - Optimized for productivity and entertainment. Perfect for gaming.
980,Eclipse Gaming Laptop 656Lite,Laptops,Eclipse,2742.96,2.0,False,Eclipse Gaming Laptop 656Lite - Engineered for gamers and power users. Perfect for office work.
981,Volt Sandals 607Pro,Footwear,Volt,2582.74,3.3,False,Volt Sandals 607Pro - Optimized for productivity and entertainment. Perfect for office work.
982,Orbit Soundbar 518Pro,Audio,Orbit,919.09,1.5,True,Orbit Soundbar 518Pro - Compact and lightweight for easy portability. Perfect for multimedia.
983,Strive Smartwatch 204X,Electronics,Strive,2322.54,4.9,True,Strive Smartwatch 204X - Comfortable ergonomic design with long-lasting battery life. Perfect for office work.
984,HyperX Chromebook 383Pro,Laptops,HyperX,2299.34,2.4,False,HyperX Chromebook 383Pro - Optimized for productivity and entertainment. Perfect for gaming.
985,Eclipse Sneakers 416Lite,Footwear,Eclipse,1250.93,4.8,True,Eclipse Sneakers 416Lite - Premium build quality with advanced features. Perfect for daily use.
986,Aero Smartphone 110S,Electronics,Aero,2365.81,2.1,False,Aero Smartphone 110S - Compact and lightweight for easy portability. Perfect for travel.
987,Aero Smart Wallet 624Max,Accessories,Aero,1734.09,4.4,False,Aero Smart Wallet 624Max - Designed for everyday performance and reliability. Perfect for gaming.
988,HyperX Gaming Chair 761X,Gaming,HyperX,1074.17,4.7,False,HyperX Gaming Chair 761X - Designed for everyday performance and reliability. Perfect for daily use.
989,Pulse Running Shoes 887S,Footwear,Pulse,104.7,3.3,True,Pulse Running Shoes 887S - High durability with modern aesthetics. Perfect for office work.
990,Quantum Smartwatch 569Lite,Electronics,Quantum,1739.93,4.2,False,Quantum Smartwatch 569Lite - High durability with modern aesthetics. Perfect for daily use.
991,Orbit VR Headset 997Pro,Gaming,Orbit,1244.64,1.1,False,Orbit VR Headset 997Pro - Comfortable ergonomic design with long-lasting battery life. Perfect for travel.
992,Fusion Sandals 480S,Footwear,Fusion,192.74,2.4,True,Fusion Sandals 480S - Comfortable ergonomic design with long-lasting battery life. Perfect for travel.
993,Quantum Smartphone 130Lite,Electronics,Quantum,1232.57,1.8,True,Quantum Smartphone 130Lite - High durability with modern aesthetics. Perfect for travel.
994,Vertex Wireless Earbuds 559Lite,Audio,Vertex,1998.19,1.5,False,Vertex Wireless Earbuds 559Lite - High durability with modern aesthetics. Perfect for gaming.
995,Quantum Backpack 346X,Accessories,Quantum,1118.73,1.1,False,Quantum Backpack 346X - Compact and lightweight for easy portability. Perfect for daily use.
996,Fusion Sandals 537X,Footwear,Fusion,1691.53,1.0,True,Fusion Sandals 537X - Optimized for productivity and entertainment. Perfect for daily use.
997,Zenith Webcam 534Max,Peripherals,Zenith,534.1,4.4,False,Zenith Webcam 534Max - Designed for everyday performance and reliability. Perfect for daily use.
998,Orbit Sneakers 783S,Footwear,Orbit,2855.95,2.4,True,Orbit Sneakers 783S - Optimized for productivity and entertainment. Perfect for daily use.
999,Eclipse Running Shoes 402Lite,Footwear,Eclipse,203.41,3.9,False,Eclipse Running Shoes 402Lite - Designed for everyday performance and reliability. Perfect for daily use.
1000,Eclipse Sandals 182Lite,Footwear,Eclipse,1558.35,1.7,True,Eclipse Sandals 182Lite - High durability with modern aesthetics. Perfect for travel.
1001,Nimbus Laptop Sleeve 469Max,Accessories,Nimbus,853.17,2.5,False,Nimbus Laptop Sleeve 469Max - Premium build quality with advanced features. Perfect for office work.
1002,Zenith Business Laptop 108Max,Laptops,Zenith,1086.69,2.5,False,Zenith Business Laptop 108Max - Compact and lightweight for easy portability. Perfect for multimedia.
1003,Pulse Laptop Sleeve 637X,Accessories,Pulse,238.01,1.5,True,Pulse Laptop Sleeve 637X - Comfortable ergonomic design with long-lasting battery life. Perfect for multimedia.
1004,Eclipse Laptop Sleeve 570X,Accessories,Eclipse,1233.09,4.9,True,Eclipse Laptop Sleeve 570X - Comfortable ergonomic design with long-lasting battery life. Perfect for daily use.
1005,HyperX Controller 775S,Gaming,HyperX,45.01,2.0,True,HyperX Controller 775S - Premium build quality with advanced features. Perfect for travel.
1006,Prime Phone Case 162X,Accessories,Prime,462.51,3.5,False,Prime Phone Case 162X - Optimized for productivity and entertainment. Perfect for travel.
1007,Volt Ultrabook 361S,Laptops,Volt,156.14,1.5,False,Volt Ultrabook 361S - Premium build quality with advanced features. Perfect for multimedia.
1008,Eclipse Sneakers 768Lite,Footwear,Eclipse,53.91,3.8,False,Eclipse Sneakers 768Lite - Compact and lightweight for easy portability. Perfect for office work.
1009,Fusion Noise Cancelling Headphones 695Max,Audio,Fusion,1259.56,2.8,False,Fusion Noise Cancelling Headphones 695Max - Compact and lightweight for easy portability. Perfect for office work.
1010,CoreX Sandals 699X,Footwear,CoreX,2044.5,4.7,True,CoreX Sandals 699X - Built with cutting-edge technology for superior experience. Perfect for office work.
1011,Volt Soundbar 424Max,Audio,Volt,2114.52,1.5,False,Volt Soundbar 424Max - Designed for everyday performance and reliability. Perfect for travel.
1012,Orbit Soundbar 685Lite,Audio,Orbit,294.37,2.5,False,Orbit Soundbar 685Lite - Optimized for productivity and entertainment. Perfect for travel.
1013,Orbit Phone Case 893Max,Accessories,Orbit,1207.5,2.6,True,Orbit Phone Case 893Max - Designed for everyday performance and reliability. Perfect for daily use.
1014,Aero Controller 906S,Gaming,Aero,1482.49,1.9,False,Aero Controller 906S - Engineered for gamers and power users. Perfect for multimedia.
1015,Prime Webcam 971Pro,Peripherals,Prime,70.04,4.0,True,Prime Webcam 971Pro - Premium build quality with advanced features. Perfect for multimedia.
1016,Strive Gaming Mouse 428Pro,Peripherals,Strive,526.08,2.2,False,Strive Gaming Mouse 428Pro - Engineered for gamers and power users. Perfect for gaming.
1017,Zenith Mechanical Keyboard 831Pro,Peripherals,Zenith,1177.71,2.8,False,Zenith Mechanical Keyboard 831Pro - High durability with modern aesthetics. Perfect for daily use.
1018,Eclipse Gaming Console 680S,Gaming,Eclipse,204.58,2.9,False,Eclipse Gaming Console 680S - Optimized for productivity and entertainment. Perfect for travel.
1019,Prime Webcam 388Pro,Peripherals,Prime,2611.03,4.6,True,Prime Webcam 388Pro - Optimized for productivity and entertainment. Perfect for multimedia.
1020,Nimbus Backpack 522Pro,Accessories,Nimbus,51.85,2.1,False,Nimbus Backpack 522Pro - Built with cutting-edge technology for superior experience. Perfect for multimedia.
1021,Volt Webcam 508Lite,Peripherals,Volt,591.29,5.0,False,Volt Webcam 508Lite - Optimized for productivity and entertainment. Perfect for gaming.
1022,Eclipse Smart Wallet 765Max,Accessories,Eclipse,2897.42,4.5,False,Eclipse Smart Wallet 765Max - Engineered for gamers and power users. Perfect for gaming.
1023,Orbit Noise Cancelling Headphones 495Max,Audio,Orbit,638.52,4.4,True,Orbit Noise Cancelling Headphones 495Max - Premium build quality with advanced features. Perfect for multimedia.
1024,NovaTech Chromebook 796X,Laptops,NovaTech,1081.34,3.6,False,NovaTech Chromebook 796X - Premium build quality with advanced features. Perfect for gaming.
1025,Orbit Smartwatch 343Max,Electronics,Orbit,878.36,2.8,True,Orbit Smartwatch 343Max - Engineered for gamers and power users. Perfect for office work.
1026,Fusion Controller 902X,Gaming,Fusion,1453.92,2.3,True,Fusion Controller 902X - Premium build quality with advanced features. Perfect for multimedia.
1027,Zenith 4K Monitor 602S,Peripherals,Zenith,2249.39,1.3,True,Zenith 4K Monitor 602S - Engineered for gamers and power users. Perfect for daily use.
1028,Strive Backpack 706X,Accessories,Strive,1953.75,2.2,True,Strive Backpack 706X - Optimized for productivity and entertainment. Perfect for daily use.
1029,Zenith Bluetooth Speaker 599Lite,Audio,Zenith,2769.03,1.2,False,Zenith Bluetooth Speaker 599Lite - Comfortable ergonomic design with long-lasting battery life. Perfect for gaming.
1030,Nimbus Wireless Earbuds 636Max,Audio,Nimbus,350.77,1.4,False,Nimbus Wireless Earbuds 636Max - High durability with modern aesthetics. Perfect for office work.
1031,Prime Gaming Laptop 878Max,Laptops,Prime,1015.91,3.1,False,Prime Gaming Laptop 878Max - Engineered for gamers and power users. Perfect for daily use.
1032,Prime Noise Cancelling Headphones 721S,Audio,Prime,205.77,4.9,False,Prime Noise Cancelling Headphones 721S - Premium build quality with advanced features. Perfect for multimedia.
1033,Pulse Backpack 298S,Accessories,Pulse,1766.86,1.5,False,Pulse Backpack 298S - Premium build quality with advanced features. Perfect for multimedia.
1034,Zenith Business Laptop 698X,Laptops,Zenith,564.41,4.8,True,Zenith Business Laptop 698X - Comfortable ergonomic design with long-lasting battery life. Perfect for daily use.
1035,Volt Webcam 193Max,Peripherals,Volt,377.93,1.9,True,Volt Webcam 193Max - Engineered for gamers and power users. Perfect for office work.
1036,Aero Smartphone 959Pro,Electronics,Aero,2206.38,2.1,True,Aero Smartphone 959Pro - High durability with modern aesthetics. Perfect for daily use.
1037,Volt Sandals 881Max,Footwear,Volt,1696.23,1.2,True,Volt Sandals 881Max - Comfortable ergonomic design with long-lasting battery life. Perfect for multimedia.
1038,Quantum Hiking Boots 503X,Footwear,Quantum,563.93,1.1,False,Quantum Hiking Boots 503X - Premium build quality with advanced features. Perfect for daily use.
1039,Pulse Ultrabook 669Lite,Laptops,Pulse,2961.58,4.3,True,Pulse Ultrabook 669Lite - Built with cutting-edge technology for superior experience. Perfect for multimedia.
1040,Prime 4K Monitor 657S,Peripherals,Prime,225.2,3.4,False,Prime 4K Monitor 657S - High durability with modern aesthetics. Perfect for travel.
1041,CoreX 4K Monitor 869Lite,Peripherals,CoreX,91.4,2.1,False,CoreX 4K Monitor 869Lite - Compact and lightweight for easy portability. Perfect for office work.
1042,Quantum VR Headset 112Pro,Gaming,Quantum,648.61,2.9,False,Quantum VR Headset 112Pro - High durability with modern aesthetics. Perfect for daily use.
1043,Eclipse Gaming Laptop 423X,Laptops,Eclipse,1211.2,3.3,False,Eclipse Gaming Laptop 423X - Compact and lightweight for easy portability. Perfect for multimedia.
1044,Quantum Bluetooth Speaker 888Lite,Audio,Quantum,1014.19,3.6,False,Quantum Bluetooth Speaker 888Lite - Optimized for productivity and entertainment. Perfect for multimedia.
1045,NovaTech Soundbar 874Pro,Audio,NovaTech,2954.97,2.0,False,NovaTech Soundbar 874Pro - Engineered for gamers and power users. Perfect for gaming.
1046,Orbit Tablet 337Max,Electronics,Orbit,2156.55,3.5,False,Orbit Tablet 337Max - Designed for everyday performance and reliability. Perfect for daily use.
1047,CoreX Sneakers 800Max,Footwear,CoreX,2985.99,4.6,True,CoreX Sneakers 800Max - Comfortable ergonomic design with long-lasting battery life. Perfect for office work.
1048,Fusion 4K Monitor 646Pro,Peripherals,Fusion,1816.79,1.7,True,Fusion 4K Monitor 646Pro - Built with cutting-edge technology for superior experience. Perfect for gaming.
1049,Quantum Soundbar 294Max,Audio,Quantum,2568.47,2.4,False,Quantum Soundbar 294Max - Designed for everyday performance and reliability. Perfect for office work.
1050,Vertex Wireless Earbuds 401Lite,Audio,Vertex,471.42,1.8,True,Vertex Wireless Earbuds 401Lite - Comfortable ergonomic design with long-lasting battery life. Perfect for travel.
1051,Zenith Gaming Laptop 373Max,Laptops,Zenith,1548.14,1.1,True,Zenith Gaming Laptop 373Max - Engineered for gamers and power users. Perfect for gaming.
1052,CoreX Chromebook 962Lite,Laptops,CoreX,661.68,3.1,False,CoreX Chromebook 962Lite - Engineered for gamers and power users. Perfect for travel.
1053,Orbit Ultrabook 348Max,Laptops,Orbit,135.12,1.3,False,Orbit Ultrabook 348Max - Compact and lightweight for easy portability. Perfect for office work.
1054,Vertex Tablet 899S,Electronics,Vertex,2379.99,1.6,True,Vertex Tablet 899S - Engineered for gamers and power users. Perfect for office work.
1055,Orbit Tablet 520X,Electronics,Orbit,620.98,3.9,True,Orbit Tablet 520X - Compact and lightweight for easy portability. Perfect for office work.
1056,NovaTech Business Laptop 252X,Laptops,NovaTech,2443.15,2.3,True,NovaTech Business Laptop 252X - Designed for everyday performance and reliability. Perfect for multimedia.
1057,Volt 4K Monitor 642X,Peripherals,Volt,1686.6,2.4,True,Volt 4K Monitor 642X - Premium build quality with advanced features. Perfect for gaming.
1058,Orbit 4K Monitor 672S,Peripherals,Orbit,2175.39,1.2,False,Orbit 4K Monitor 672S - Built with cutting-edge technology for superior experience. Perfect for daily use.
1059,HyperX Bluetooth Speaker 256S,Audio,HyperX,1388.9,2.8,True,HyperX Bluetooth Speaker 256S - Comfortable ergonomic design with long-lasting battery life. Perfect for daily use.
1060,Pulse Sneakers 613S,Footwear,Pulse,2401.71,1.9,False,Pulse Sneakers 613S - Compact and lightweight for easy portability. Perfect for office work.
1061,CoreX Noise Cancelling Headphones 278X,Audio,CoreX,1868.02,1.2,False,CoreX Noise Cancelling Headphones 278X - Engineered for gamers and power users. Perfect for travel.
1062,NovaTech Gaming Console 631Max,Gaming,NovaTech,2273.75,3.5,False,NovaTech Gaming Console 631Max - Designed for everyday performance and reliability. Perfect for office work.
1063,Strive Sneakers 778S,Footwear,Strive,504.89,1.7,False,Strive Sneakers 778S - Designed for everyday performance and reliability. Perfect for daily use.
1064,HyperX Wireless Earbuds 844Lite,Audio,HyperX,446.03,1.9,True,HyperX Wireless Earbuds 844Lite - Compact and lightweight for easy portability. Perfect for gaming.
1065,Nimbus Gaming Laptop 478Lite,Laptops,Nimbus,1651.42,1.2,False,Nimbus Gaming Laptop 478Lite - High durability with modern aesthetics. Perfect for office work.
1066,Orbit Wireless Earbuds 389X,Audio,Orbit,31.9,4.7,False,Orbit Wireless Earbuds 389X - Engineered for gamers and power users. Perfect for multimedia.
1067,Quantum Gaming Laptop 512Max,Laptops,Quantum,159.02,4.6,True,Quantum Gaming Laptop 512Max - Designed for everyday performance and reliability. Perfect for multimedia.
1068,Strive Gaming Mouse 671Max,Peripherals,Strive,2259.15,2.9,False,Strive Gaming Mouse 671Max - Built with cutting-edge technology for superior experience. Perfect for daily use.
1069,Eclipse Smartphone 665Lite,Electronics,Eclipse,782.16,2.2,True,Eclipse Smartphone 665Lite - Premium build quality with advanced features. Perfect for office work.
1070,Prime Bluetooth Speaker 966Max,Audio,Prime,518.17,2.0,True,Prime Bluetooth Speaker 966Max - Compact and lightweight for easy portability. Perfect for multimedia.
1071,Zenith Tablet 469Lite,Electronics,Zenith,1937.48,2.7,True,Zenith Tablet 469Lite - High durability with modern aesthetics. Perfect for multimedia.
1072,Pulse Noise Cancelling Headphones 121Lite,Audio,Pulse,801.01,1.5,False,Pulse Noise Cancelling Headphones 121Lite - Optimized for productivity and entertainment. Perfect for daily use.
1073,Zenith Mechanical Keyboard 233Lite,Peripherals,Zenith,2135.77,1.5,False,Zenith Mechanical Keyboard 233Lite - High durability with modern aesthetics. Perfect for daily use.
1074,Eclipse Backpack 437S,Accessories,Eclipse,624.51,4.6,True,Eclipse Backpack 437S - Engineered for gamers and power users. Perfect for multimedia.
1075,Fusion Sneakers 781Pro,Footwear,Fusion,1897.14,2.2,True,Fusion Sneakers 781Pro - Built with cutting-edge technology for superior experience. Perfect for daily use.
1076,Vertex Noise Cancelling Headphones 895X,Audio,Vertex,1328.03,4.7,False,Vertex Noise Cancelling Headphones 895X - Premium build quality with advanced features. Perfect for multimedia.
1077,Orbit Smartwatch 917X,Electronics,Orbit,888.94,2.7,False,Orbit Smartwatch 917X - High durability with modern aesthetics. Perfect for office work.
1078,CoreX Smartwatch 919X,Electronics,CoreX,2855.63,1.4,False,CoreX Smartwatch 919X - High durability with modern aesthetics. Perfect for office work.
1079,Vertex Gaming Console 968Pro,Gaming,Vertex,699.24,2.3,True,Vertex Gaming Console 968Pro - Optimized for productivity and entertainment. Perfect for daily use.
1080,Vertex VR Headset 577X,Gaming,Vertex,2697.61,2.8,True,Vertex VR Headset 577X - Built with cutting-edge technology for superior experience. Perfect for daily use.
1081,Eclipse Business Laptop 158Max,Laptops,Eclipse,342.93,4.2,True,Eclipse Business Laptop 158Max - Built with cutting-edge technology for superior experience. Perfect for gaming.
1082,Pulse Gaming Console 456S,Gaming,Pulse,283.98,2.9,True,Pulse Gaming Console 456S - Optimized for productivity and entertainment. Perfect for office work.
1083,Volt 4K Monitor 779Lite,Peripherals,Volt,814.34,4.9,False,Volt 4K Monitor 779Lite - Premium build quality with advanced features. Perfect for daily use.
1084,Volt Mechanical Keyboard 556Lite,Peripherals,Volt,236.18,1.1,True,Volt Mechanical Keyboard 556Lite - Designed for everyday performance and reliability. Perfect for daily use.
1085,Eclipse Gaming Console 775X,Gaming,Eclipse,1682.81,2.2,True,Eclipse Gaming Console 775X - Optimized for productivity and entertainment. Perfect for office work.
1086,HyperX Phone Case 512S,Accessories,HyperX,1251.36,3.5,True,HyperX Phone Case 512S - Engineered for gamers and power users. Perfect for daily use.
1087,Zenith Gaming Chair 551Pro,Gaming,Zenith,2990.4,4.7,False,Zenith Gaming Chair 551Pro - Optimized for productivity and entertainment. Perfect for gaming.
1088,Orbit Business Laptop 177Max,Laptops,Orbit,2976.87,2.0,False,Orbit Business Laptop 177Max - Compact and lightweight for easy portability. Perfect for office work.
1089,Aero Gaming Console 207X,Gaming,Aero,2923.24,2.5,True,Aero Gaming Console 207X - High durability with modern aesthetics. Perfect for gaming.
1090,NovaTech 4K Monitor 272Lite,Peripherals,NovaTech,2122.33,3.6,False,NovaTech 4K Monitor 272Lite - High durability with modern aesthetics. Perfect for gaming.
1091,Strive Smartwatch 587Lite,Electronics,Strive,103.7,3.4,True,Strive Smartwatch 587Lite - Optimized for productivity and entertainment. Perfect for office work.
1092,NovaTech Running Shoes 519S,Footwear,NovaTech,375.61,1.3,False,NovaTech Running Shoes 519S - Comfortable ergonomic design with long-lasting battery life. Perfect for daily use.
1093,Eclipse Smart Wallet 900X,Accessories,Eclipse,784.54,2.4,True,Eclipse Smart Wallet 900X - Compact and lightweight for easy portability. Perfect for multimedia.
1094,Volt 4K Monitor 490X,Peripherals,Volt,1032.94,4.5,True,Volt 4K Monitor 490X - Optimized for productivity and entertainment. Perfect for daily use.
1095,Pulse Bluetooth Speaker 726Pro,Audio,Pulse,2673.36,3.8,False,Pulse Bluetooth Speaker 726Pro - Engineered for gamers and power users. Perfect for multimedia.
1096,Aero Soundbar 378Max,Audio,Aero,1850.25,3.5,False,Aero Soundbar 378Max - Compact and lightweight for easy portability. Perfect for travel.
1097,Prime Bluetooth Speaker 439X,Audio,Prime,358.69,3.7,True,Prime Bluetooth Speaker 439X - Compact and lightweight for easy portability. Perfect for gaming.
1098,Orbit Gaming Laptop 947Lite,Laptops,Orbit,77.28,3.1,False,Orbit Gaming Laptop 947Lite - Built with cutting-edge technology for superior experience. Perfect for gaming.
1099,Orbit Drone 961Pro,Electronics,Orbit,1199.59,3.1,False,Orbit Drone 961Pro - Engineered for gamers and power users. Perfect for daily use.
1100,Vertex Camera 820X,Electronics,Vertex,2423.54,3.3,False,Vertex Camera 820X - Premium build quality with advanced features. Perfect for gaming.
1101,Vertex Bluetooth Speaker 237Lite,Audio,Vertex,2161.07,2.5,False,Vertex Bluetooth Speaker 237Lite - Optimized for productivity and entertainment. Perfect for multimedia.
1102,NovaTech Gaming Console 851Max,Gaming,NovaTech,196.45,2.6,True,NovaTech Gaming Console 851Max - Engineered for gamers and power users. Perfect for travel.
1103,Prime Wireless Earbuds 250X,Audio,Prime,2760.58,3.5,True,Prime Wireless Earbuds 250X - High durability with modern aesthetics. Perfect for multimedia.
1104,Eclipse Wireless Earbuds 938Max,Audio,Eclipse,2752.99,1.4,True,Eclipse Wireless Earbuds 938Max - Designed for everyday performance and reliability. Perfect for daily use.
1105,NovaTech Controller 721Pro,Gaming,NovaTech,2408.75,3.1,False,NovaTech Controller 721Pro - Comfortable ergonomic design with long-lasting battery life. Perfect for multimedia.
1106,CoreX Phone Case 421X,Accessories,CoreX,2274.2,1.9,True,CoreX Phone Case 421X - Designed for everyday performance and reliability. Perfect for multimedia.
1107,Vertex Backpack 739S,Accessories,Vertex,890.73,4.1,False,Vertex Backpack 739S - Optimized for productivity and entertainment. Perfect for gaming.
1108,Vertex Drone 378Max,Electronics,Vertex,1668.67,2.7,False,Vertex Drone 378Max - Designed for everyday performance and reliability. Perfect for daily use.
1109,Vertex Business Laptop 643Pro,Laptops,Vertex,228.5,4.0,True,Vertex Business Laptop 643Pro - Premium build quality with advanced features. Perfect for travel.
1110,Nimbus Gaming Chair 627Pro,Gaming,Nimbus,2644.11,4.7,False,Nimbus Gaming Chair 627Pro - Optimized for productivity and entertainment. Perfect for daily use.
1111,NovaTech Gaming Laptop 178Lite,Laptops,NovaTech,384.76,3.9,True,NovaTech Gaming Laptop 178Lite - Premium build quality with advanced features. Perfect for travel.
1112,Volt Webcam 816Lite,Peripherals,Volt,1511.31,3.5,True,Volt Webcam 816Lite - Comfortable ergonomic design with long-lasting battery life. Perfect for travel.
1113,CoreX Mechanical Keyboard 107Max,Peripherals,CoreX,608.57,4.3,True,CoreX Mechanical Keyboard 107Max - Compact and lightweight for easy portability. Perfect for office work.
1114,NovaTech Smartwatch 630Lite,Electronics,NovaTech,838.9,3.4,False,NovaTech Smartwatch 630Lite - Built with cutting-edge technology for superior experience. Perfect for travel.
1115,Prime VR Headset 589Lite,Gaming,Prime,1415.24,1.5,True,Prime VR Headset 589Lite - Built with cutting-edge technology for superior experience. Perfect for daily use.
1116,Eclipse Ultrabook 528Lite,Laptops,Eclipse,815.0,4.2,False,Eclipse Ultrabook 528Lite - Comfortable ergonomic design with long-lasting battery life. Perfect for travel.
1117,CoreX Sandals 411X,Footwear,CoreX,1484.8,2.0,True,CoreX Sandals 411X - High durability with modern aesthetics. Perfect for daily use.
1118,Eclipse Laptop Sleeve 326Max,Accessories,Eclipse,2046.38,2.3,True,Eclipse Laptop Sleeve 326Max - Compact and lightweight for easy portability. Perfect for gaming.
1119,Pulse VR Headset 499S,Gaming,Pulse,2560.7,3.1,False,Pulse VR Headset 499S - Engineered for gamers and power users. Perfect for travel.
1120,CoreX Laptop Sleeve 541S,Accessories,CoreX,2383.76,2.5,False,CoreX Laptop Sleeve 541S - Premium build quality with advanced features. Perfect for office work.
1121,NovaTech Smartwatch 203Pro,Electronics,NovaTech,2711.14,2.5,False,NovaTech Smartwatch 203Pro - Comfortable ergonomic design with long-lasting battery life. Perfect for travel.
1122,Strive Wireless Earbuds 756S,Audio,Strive,2880.13,2.7,False,Strive Wireless Earbuds 756S - Compact and lightweight for easy portability. Perfect for office work.
1123,Nimbus Soundbar 788S,Audio,Nimbus,573.01,3.3,True,Nimbus Soundbar 788S - Designed for everyday performance and reliability. Perfect for office work.
1124,Orbit Phone Case 268Pro,Accessories,Orbit,1338.12,4.5,False,Orbit Phone Case 268Pro - Designed for everyday performance and reliability. Perfect for gaming.
1125,Orbit Running Shoes 980S,Footwear,Orbit,2868.76,4.1,True,Orbit Running Shoes 980S - High durability with modern aesthetics. Perfect for travel.
1126,HyperX Smart Wallet 635S,Accessories,HyperX,22.39,4.9,False,HyperX Smart Wallet 635S - Premium build quality with advanced features. Perfect for travel.
1127,Volt Sneakers 491Pro,Footwear,Volt,1977.29,4.0,True,Volt Sneakers 491Pro - Compact and lightweight for easy portability. Perfect for office work.
1128,Nimbus Gaming Mouse 374X,Peripherals,Nimbus,1473.17,2.9,True,Nimbus Gaming Mouse 374X - Engineered for gamers and power users. Perfect for daily use.
1129,CoreX Controller 201X,Gaming,CoreX,1209.39,2.5,False,CoreX Controller 201X - High durability with modern aesthetics. Perfect for multimedia.
1130,Prime Phone Case 614S,Accessories,Prime,1025.94,1.1,True,Prime Phone Case 614S - Compact and lightweight for easy portability. Perfect for multimedia.
1131,Eclipse Running Shoes 321Max,Footwear,Eclipse,1370.96,3.2,True,Eclipse Running Shoes 321Max - Built with cutting-edge technology for superior experience. Perfect for multimedia.
1132,HyperX Backpack 812Lite,Accessories,HyperX,965.75,1.1,False,HyperX Backpack 812Lite - Designed for everyday performance and reliability. Perfect for multimedia.
1133,Prime Camera 234S,Electronics,Prime,2704.63,3.2,False,Prime Camera 234S - Engineered for gamers and power users. Perfect for travel.
1134,Vertex Ultrabook 357Pro,Laptops,Vertex,553.76,2.5,False,Vertex Ultrabook 357Pro - Built with cutting-edge technology for superior experience. Perfect for gaming.
1135,CoreX Smart Wallet 829Lite,Accessories,CoreX,1695.08,4.6,True,CoreX Smart Wallet 829Lite - Optimized for productivity and entertainment. Perfect for office work.
1136,Vertex Tablet 190X,Electronics,Vertex,1551.52,3.3,True,Vertex Tablet 190X - Optimized for productivity and entertainment. Perfect for daily use.
1137,HyperX Ultrabook 577X,Laptops,HyperX,2916.87,3.1,False,HyperX Ultrabook 577X - Built with cutting-edge technology for superior experience. Perfect for gaming.
1138,Strive Noise Cancelling Headphones 223S,Audio,Strive,2484.59,3.8,True,Strive Noise Cancelling Headphones 223S - Designed for everyday performance and reliability. Perfect for travel.
1139,Orbit Controller 411Max,Gaming,Orbit,278.97,4.0,False,Orbit Controller 411Max - Compact and lightweight for easy portability. Perfect for travel.
1140,Vertex Soundbar 978Max,Audio,Vertex,1344.0,3.9,False,Vertex Soundbar 978Max - Built with cutting-edge technology for superior experience. Perfect for travel.
1141,Vertex Gaming Chair 780X,Gaming,Vertex,2047.83,4.5,True,Vertex Gaming Chair 780X - Optimized for productivity and entertainment. Perfect for multimedia.
1142,Pulse Webcam 240S,Peripherals,Pulse,1108.59,2.0,True,Pulse Webcam 240S - Comfortable ergonomic design with long-lasting battery life. Perfect for gaming.
1143,HyperX Smartwatch 637Lite,Electronics,HyperX,1111.02,2.4,False,HyperX Smartwatch 637Lite - Premium build quality with advanced features. Perfect for office work.
1144,Volt Sneakers 577Max,Footwear,Volt,2525.48,3.7,True,Volt Sneakers 577Max - Engineered for gamers and power users. Perfect for gaming.
1145,Eclipse Gaming Mouse 875Pro,Peripherals,Eclipse,515.09,4.8,True,Eclipse Gaming Mouse 875Pro - Built with cutting-edge technology for superior experience. Perfect for travel.
1146,Zenith VR Headset 176S,Gaming,Zenith,2100.95,1.7,False,Zenith VR Headset 176S - High durability with modern aesthetics. Perfect for office work.
1147,Strive Noise Cancelling Headphones 475Pro,Audio,Strive,1950.95,4.9,True,Strive Noise Cancelling Headphones 475Pro - Designed for everyday performance and reliability. Perfect for daily use.
1148,Vertex Smart Wallet 550Pro,Accessories,Vertex,1607.94,4.4,True,Vertex Smart Wallet 550Pro - Optimized for productivity and entertainment. Perfect for office work.
1149,Fusion Ultrabook 241Pro,Laptops,Fusion,985.08,1.5,False,Fusion Ultrabook 241Pro - Designed for everyday performance and reliability. Perfect for travel.
1150,Pulse Laptop Sleeve 150Pro,Accessories,Pulse,2081.54,1.0,True,Pulse Laptop Sleeve 150Pro - Engineered for gamers and power users. Perfect for multimedia.
1151,CoreX Camera 785Max,Electronics,CoreX,2186.88,3.7,False,CoreX Camera 785Max - Premium build quality with advanced features. Perfect for gaming.
1152,CoreX 4K Monitor 728Max,Peripherals,CoreX,2002.89,2.7,False,CoreX 4K Monitor 728Max - Designed for everyday performance and reliability. Perfect for daily use.
1153,HyperX Gaming Console 541Lite,Gaming,HyperX,903.73,4.3,False,HyperX Gaming Console 541Lite - Engineered for gamers and power users. Perfect for travel.
1154,NovaTech Noise Cancelling Headphones 361Lite,Audio,NovaTech,1688.8,3.4,False,NovaTech Noise Cancelling Headphones 361Lite - Optimized for productivity and entertainment. Perfect for travel.
1155,Strive Backpack 428Lite,Accessories,Strive,1829.98,4.2,False,Strive Backpack 428Lite - Premium build quality with advanced features. Perfect for travel.
1156,Volt Running Shoes 271Max,Footwear,Volt,2868.79,3.9,True,Volt Running Shoes 271Max - Comfortable ergonomic design with long-lasting battery life. Perfect for daily use.
1157,Fusion Tablet 532X,Electronics,Fusion,89.13,2.8,True,Fusion Tablet 532X - Optimized for productivity and entertainment. Perfect for multimedia.
1158,Vertex Backpack 706Lite,Accessories,Vertex,1344.58,4.4,True,Vertex Backpack 706Lite - Engineered for gamers and power users. Perfect for office work.
1159,Fusion Smart Wallet 181Lite,Accessories,Fusion,1229.38,4.9,True,Fusion Smart Wallet 181Lite - Engineered for gamers and power users. Perfect for office work.
1160,Prime Laptop Sleeve 987X,Accessories,Prime,149.9,4.7,False,Prime Laptop Sleeve 987X - Designed for everyday performance and reliability. Perfect for daily use.
1161,Nimbus Backpack 385Lite,Accessories,Nimbus,2397.61,3.3,False,Nimbus Backpack 385Lite - Comfortable ergonomic design with long-lasting battery life. Perfect for multimedia.
1162,Eclipse Gaming Mouse 925X,Peripherals,Eclipse,224.82,3.2,True,Eclipse Gaming Mouse 925X - High durability with modern aesthetics. Perfect for daily use.
1163,Volt Sandals 220Pro,Footwear,Volt,612.06,3.5,False,Volt Sandals 220Pro - Designed for everyday performance and reliability. Perfect for travel.
1164,Vertex Camera 180Max,Electronics,Vertex,1838.14,2.2,False,Vertex Camera 180Max - Comfortable ergonomic design with long-lasting battery life. Perfect for gaming.
1165,Volt Gaming Mouse 809Max,Peripherals,Volt,2183.92,3.4,False,Volt Gaming Mouse 809Max - Comfortable ergonomic design with long-lasting battery life. Perfect for multimedia.
1166,Aero Noise Cancelling Headphones 963Lite,Audio,Aero,2420.68,2.2,True,Aero Noise Cancelling Headphones 963Lite - High durability with modern aesthetics. Perfect for multimedia.
1167,Aero Gaming Chair 791Pro,Gaming,Aero,1805.84,3.5,True,Aero Gaming Chair 791Pro - Built with cutting-edge technology for superior experience. Perfect for office work.
1168,CoreX Bluetooth Speaker 187Max,Audio,CoreX,2293.0,1.9,False,CoreX Bluetooth Speaker 187Max - Built with cutting-edge technology for superior experience. Perfect for multimedia.
1169,Nimbus Mechanical Keyboard 291S,Peripherals,Nimbus,2921.97,3.8,False,Nimbus Mechanical Keyboard 291S - Premium build quality with advanced features. Perfect for daily use.
1170,Orbit Gaming Chair 879Max,Gaming,Orbit,2674.88,1.0,True,Orbit Gaming Chair 879Max - Comfortable ergonomic design with long-lasting battery life. Perfect for daily use.
1171,Volt Hiking Boots 349Lite,Footwear,Volt,1248.01,4.9,False,Volt Hiking Boots 349Lite - Optimized for productivity and entertainment. Perfect for daily use.
1172,Eclipse Smartphone 746S,Electronics,Eclipse,850.43,1.9,True,Eclipse Smartphone 746S - Comfortable ergonomic design with long-lasting battery life. Perfect for gaming.
1173,Pulse Gaming Chair 623X,Gaming,Pulse,2309.37,3.0,False,Pulse Gaming Chair 623X - Compact and lightweight for easy portability. Perfect for daily use.
1174,Quantum Wireless Earbuds 885S,Audio,Quantum,1291.16,1.0,True,Quantum Wireless Earbuds 885S - Engineered for gamers and power users. Perfect for multimedia.
1175,HyperX 4K Monitor 136S,Peripherals,HyperX,590.0,3.0,True,HyperX 4K Monitor 136S - Designed for everyday performance and reliability. Perfect for daily use.
1176,Eclipse Mechanical Keyboard 125S,Peripherals,Eclipse,530.77,1.9,True,Eclipse Mechanical Keyboard 125S - Engineered for gamers and power users. Perfect for daily use.
1177,Nimbus Laptop Sleeve 643S,Accessories,Nimbus,394.29,2.2,False,Nimbus Laptop Sleeve 643S - Built with cutting-edge technology for superior experience. Perfect for daily use.
1178,Eclipse Controller 758X,Gaming,Eclipse,247.35,3.9,False,Eclipse Controller 758X - Engineered for gamers and power users. Perfect for multimedia.
1179,Quantum Webcam 256Pro,Peripherals,Quantum,2878.97,1.1,False,Quantum Webcam 256Pro - Compact and lightweight for easy portability. Perfect for gaming.
1180,Zenith Laptop Sleeve 537Lite,Accessories,Zenith,1035.56,4.7,False,Zenith Laptop Sleeve 537Lite - High durability with modern aesthetics. Perfect for daily use.
1181,Orbit Wireless Earbuds 485X,Audio,Orbit,2816.49,4.4,False,Orbit Wireless Earbuds 485X - Optimized for productivity and entertainment. Perfect for office work.
1182,Vertex Gaming Laptop 380Max,Laptops,Vertex,1152.04,4.1,True,Vertex Gaming Laptop 380Max - Optimized for productivity and entertainment. Perfect for gaming.
1183,Vertex Smartphone 400Lite,Electronics,Vertex,2399.01,2.5,True,Vertex Smartphone 400Lite - High durability with modern aesthetics. Perfect for gaming.
1184,Prime Sneakers 986Max,Footwear,Prime,308.48,1.8,True,Prime Sneakers 986Max - Comfortable ergonomic design with long-lasting battery life. Perfect for gaming.
1185,Aero Camera 553Max,Electronics,Aero,213.58,3.6,False,Aero Camera 553Max - Optimized for productivity and entertainment. Perfect for travel.
1186,Pulse Laptop Sleeve 677X,Accessories,Pulse,1600.19,3.3,False,Pulse Laptop Sleeve 677X - Designed for everyday performance and reliability. Perfect for office work.
1187,Pulse Sandals 298Lite,Footwear,Pulse,100.2,1.0,False,Pulse Sandals 298Lite - Optimized for productivity and entertainment. Perfect for office work.
1188,Aero 4K Monitor 455Max,Peripherals,Aero,1357.84,1.3,True,Aero 4K Monitor 455Max - Engineered for gamers and power users. Perfect for travel.
1189,Eclipse VR Headset 229Lite,Gaming,Eclipse,2063.53,2.6,True,Eclipse VR Headset 229Lite - Compact and lightweight for easy portability. Perfect for multimedia.
1190,Orbit Sandals 372Max,Footwear,Orbit,1902.99,4.4,True,Orbit Sandals 372Max - Built with cutting-edge technology for superior experience. Perfect for daily use.
1191,Zenith Ultrabook 779S,Laptops,Zenith,2143.06,2.4,True,Zenith Ultrabook 779S - Comfortable ergonomic design with long-lasting battery life. Perfect for daily use.
1192,Prime Phone Case 154S,Accessories,Prime,381.02,2.1,False,Prime Phone Case 154S - Premium build quality with advanced features. Perfect for gaming.
1193,Nimbus Tablet 225S,Electronics,Nimbus,2157.65,1.7,False,Nimbus Tablet 225S - Optimized for productivity and entertainment. Perfect for gaming.
1194,Vertex Tablet 560Lite,Electronics,Vertex,571.11,4.2,False,Vertex Tablet 560Lite - Built with cutting-edge technology for superior experience. Perfect for gaming.
1195,Fusion Wireless Earbuds 269Max,Audio,Fusion,2646.92,3.1,False,Fusion Wireless Earbuds 269Max - Premium build quality with advanced features. Perfect for travel.
1196,Orbit Gaming Console 133Lite,Gaming,Orbit,448.59,2.7,True,Orbit Gaming Console 133Lite - Optimized for productivity and entertainment. Perfect for gaming.
1197,NovaTech Smart Wallet 984Pro,Accessories,NovaTech,1705.98,3.9,True,NovaTech Smart Wallet 984Pro - Built with cutting-edge technology for superior experience. Perfect for travel.
1198,Volt Sneakers 109Max,Footwear,Volt,2483.32,4.4,True,Volt Sneakers 109Max - Comfortable ergonomic design with long-lasting battery life. Perfect for daily use.
1199,Fusion Controller 238X,Gaming,Fusion,1711.55,1.8,True,Fusion Controller 238X - Designed for everyday performance and reliability. Perfect for multimedia.
1200,Orbit Gaming Mouse 673Pro,Peripherals,Orbit,1068.14,4.2,True,Orbit Gaming Mouse 673Pro - Optimized for productivity and entertainment. Perfect for daily use.
1201,Nimbus Noise Cancelling Headphones 385Lite,Audio,Nimbus,1649.59,1.9,True,Nimbus Noise Cancelling Headphones 385Lite - Optimized for productivity and entertainment. Perfect for daily use.
1202,Nimbus Camera 307Max,Electronics,Nimbus,310.07,4.2,False,Nimbus Camera 307Max - Engineered for gamers and power users. Perfect for office work.
1203,Eclipse Chromebook 455Max,Laptops,Eclipse,418.61,2.3,True,Eclipse Chromebook 455Max - Built with cutting-edge technology for superior experience. Perfect for gaming.
1204,Strive 4K Monitor 926X,Peripherals,Strive,2782.89,1.5,False,Strive 4K Monitor 926X - Built with cutting-edge technology for superior experience. Perfect for multimedia.
1205,Orbit Controller 189X,Gaming,Orbit,1207.24,4.6,False,Orbit Controller 189X - Built with cutting-edge technology for superior experience. Perfect for daily use.
1206,Quantum Bluetooth Speaker 252S,Audio,Quantum,1102.36,2.8,True,Quantum Bluetooth Speaker 252S - Engineered for gamers and power users. Perfect for travel.
1207,Quantum Phone Case 620Lite,Accessories,Quantum,2665.32,4.5,False,Quantum Phone Case 620Lite - High durability with modern aesthetics. Perfect for gaming.
1208,Volt Smartphone 763Max,Electronics,Volt,817.47,3.9,False,Volt Smartphone 763Max - Premium build quality with advanced features. Perfect for gaming.
1209,Quantum Sneakers 570X,Footwear,Quantum,1329.59,3.6,True,Quantum Sneakers 570X - Comfortable ergonomic design with long-lasting battery life. Perfect for travel.
1210,Pulse Noise Cancelling Headphones 978Lite,Audio,Pulse,2164.27,4.5,False,Pulse Noise Cancelling Headphones 978Lite - Premium build quality with advanced features. Perfect for office work.
1211,Prime Controller 738S,Gaming,Prime,2475.4,2.7,False,Prime Controller 738S - Premium build quality with advanced features. Perfect for office work.
1212,Eclipse VR Headset 578Pro,Gaming,Eclipse,133.0,3.6,False,Eclipse VR Headset 578Pro - Comfortable ergonomic design with long-lasting battery life. Perfect for travel.
1213,Prime 4K Monitor 321Pro,Peripherals,Prime,1149.99,4.4,False,Prime 4K Monitor 321Pro - Compact and lightweight for easy portability. Perfect for daily use.
1214,Fusion Soundbar 765Pro,Audio,Fusion,437.12,2.7,False,Fusion Soundbar 765Pro - Engineered for gamers and power users. Perfect for daily use.
1215,Prime Gaming Chair 733Max,Gaming,Prime,1578.66,3.4,True,Prime Gaming Chair 733Max - Premium build quality with advanced features. Perfect for multimedia.
1216,Vertex Ultrabook 433Max,Laptops,Vertex,789.17,4.8,True,Vertex Ultrabook 433Max - Comfortable ergonomic design with long-lasting battery life. Perfect for daily use.
1217,Eclipse Laptop Sleeve 627Lite,Accessories,Eclipse,2660.83,1.9,False,Eclipse Laptop Sleeve 627Lite - Engineered for gamers and power users. Perfect for travel.
1218,Pulse Chromebook 666Lite,Laptops,Pulse,1049.33,2.3,True,Pulse Chromebook 666Lite - Compact and lightweight for easy portability. Perfect for gaming.
1219,Quantum Ultrabook 701Pro,Laptops,Quantum,1899.3,3.3,True,Quantum Ultrabook 701Pro - Optimized for productivity and entertainment. Perfect for gaming.
1220,Prime Drone 611S,Electronics,Prime,366.58,1.2,True,Prime Drone 611S - Engineered for gamers and power users. Perfect for travel.
1221,CoreX Wireless Earbuds 531Lite,Audio,CoreX,2189.68,1.1,True,CoreX Wireless Earbuds 531Lite - Engineered for gamers and power users. Perfect for travel.
1222,NovaTech Bluetooth Speaker 599Max,Audio,NovaTech,1629.53,2.7,True,NovaTech Bluetooth Speaker 599Max - Engineered for gamers and power users. Perfect for office work.
1223,Pulse 4K Monitor 819Max,Peripherals,Pulse,1984.88,2.2,True,Pulse 4K Monitor 819Max - High durability with modern aesthetics. Perfect for multimedia.
1224,Vertex Wireless Earbuds 217Lite,Audio,Vertex,1418.02,2.5,False,Vertex Wireless Earbuds 217Lite - Built with cutting-edge technology for superior experience. Perfect for gaming.
1225,Strive Smart Wallet 437X,Accessories,Strive,2548.14,1.6,True,Strive Smart Wallet 437X - Optimized for productivity and entertainment. Perfect for travel.
1226,Zenith Smartwatch 321Lite,Electronics,Zenith,2785.54,4.1,False,Zenith Smartwatch 321Lite - Engineered for gamers and power users. Perfect for travel.
1227,Prime Gaming Laptop 955X,Laptops,Prime,539.98,2.6,True,Prime Gaming Laptop 955X - Optimized for productivity and entertainment. Perfect for travel.
1228,Pulse Bluetooth Speaker 171Max,Audio,Pulse,991.0,3.2,True,Pulse Bluetooth Speaker 171Max - Optimized for productivity and entertainment. Perfect for gaming.
1229,HyperX Bluetooth Speaker 604Lite,Audio,HyperX,1745.99,2.5,False,HyperX Bluetooth Speaker 604Lite - Engineered for gamers and power users. Perfect for multimedia.
1230,Fusion Hiking Boots 178X,Footwear,Fusion,2100.8,3.2,False,Fusion Hiking Boots 178X - Built with cutting-edge technology for superior experience. Perfect for multimedia.
1231,Nimbus Wireless Earbuds 664Max,Audio,Nimbus,201.57,2.4,False,Nimbus Wireless Earbuds 664Max - High durability with modern aesthetics. Perfect for daily use.
1232,Strive Bluetooth Speaker 900S,Audio,Strive,2802.97,2.1,False,Strive Bluetooth Speaker 900S - Compact and lightweight for easy portability. Perfect for daily use.
1233,Nimbus Webcam 390Max,Peripherals,Nimbus,2846.75,1.2,True,Nimbus Webcam 390Max - High durability with modern aesthetics. Perfect for travel.
1234,Nimbus 4K Monitor 966Pro,Peripherals,Nimbus,98.61,3.6,False,Nimbus 4K Monitor 966Pro - Engineered for gamers and power users. Perfect for gaming.
1235,Zenith Camera 659S,Electronics,Zenith,2480.8,2.0,True,Zenith Camera 659S - Designed for everyday performance and reliability. Perfect for travel.
1236,Volt Wireless Earbuds 453X,Audio,Volt,200.33,3.9,True,Volt Wireless Earbuds 453X - Optimized for productivity and entertainment. Perfect for gaming.
1237,Volt Soundbar 278Lite,Audio,Volt,1095.64,3.0,False,Volt Soundbar 278Lite - Built with cutting-edge technology for superior experience. Perfect for daily use.
1238,CoreX Gaming Mouse 172Lite,Peripherals,CoreX,1717.5,2.2,False,CoreX Gaming Mouse 172Lite - Engineered for gamers and power users. Perfect for multimedia.
1239,Vertex Webcam 197Pro,Peripherals,Vertex,1278.4,2.9,False,Vertex Webcam 197Pro - Compact and lightweight for easy portability. Perfect for multimedia.
1240,NovaTech Mechanical Keyboard 864X,Peripherals,NovaTech,2826.35,4.4,True,NovaTech Mechanical Keyboard 864X - Premium build quality with advanced features. Perfect for daily use.
1241,Quantum Mechanical Keyboard 351S,Peripherals,Quantum,774.85,4.7,False,Quantum Mechanical Keyboard 351S - Designed for everyday performance and reliability. Perfect for multimedia.
1242,Zenith Soundbar 373Pro,Audio,Zenith,849.65,4.8,True,Zenith Soundbar 373Pro - Compact and lightweight for easy portability. Perfect for gaming.
1243,Aero Controller 590X,Gaming,Aero,938.6,2.5,True,Aero Controller 590X - Premium build quality with advanced features. Perfect for gaming.
1244,CoreX Soundbar 620Max,Audio,CoreX,2552.75,2.2,True,CoreX Soundbar 620Max - Engineered for gamers and power users. Perfect for travel.
1245,Prime Smartphone 431Pro,Electronics,Prime,1641.79,4.3,False,Prime Smartphone 431Pro - High durability with modern aesthetics. Perfect for gaming.
1246,Fusion Phone Case 872Max,Accessories,Fusion,941.19,3.2,False,Fusion Phone Case 872Max - High durability with modern aesthetics. Perfect for gaming.
1247,NovaTech VR Headset 130Pro,Gaming,NovaTech,1934.35,4.9,False,NovaTech VR Headset 130Pro - High durability with modern aesthetics. Perfect for office work.
1248,Nimbus Ultrabook 455X,Laptops,Nimbus,2875.85,4.5,True,Nimbus Ultrabook 455X - Compact and lightweight for easy portability. Perfect for daily use.
1249,Prime Laptop Sleeve 674X,Accessories,Prime,149.5,1.8,False,Prime Laptop Sleeve 674X - Engineered for gamers and power users. Perfect for office work.
1250,HyperX Sandals 517X,Footwear,HyperX,313.65,3.4,False,HyperX Sandals 517X - High durability with modern aesthetics. Perfect for gaming.
1251,Volt Controller 539Lite,Gaming,Volt,2447.38,4.2,False,Volt Controller 539Lite - Optimized for productivity and entertainment. Perfect for multimedia.
1252,Strive Camera 892Lite,Electronics,Strive,2279.08,4.9,True,Strive Camera 892Lite - Built with cutting-edge technology for superior experience. Perfect for travel.
1253,Strive Wireless Earbuds 621Pro,Audio,Strive,2287.09,3.9,False,Strive Wireless Earbuds 621Pro - Optimized for productivity and entertainment. Perfect for multimedia.
1254,Strive Business Laptop 773S,Laptops,Strive,432.3,2.1,True,Strive Business Laptop 773S - Compact and lightweight for easy portability. Perfect for travel.
1255,Prime Smartphone 529Lite,Electronics,Prime,68.1,4.1,True,Prime Smartphone 529Lite - Comfortable ergonomic design with long-lasting battery life. Perfect for gaming.
1256,Pulse Gaming Chair 434Lite,Gaming,Pulse,2654.48,4.6,True,Pulse Gaming Chair 434Lite - Comfortable ergonomic design with long-lasting battery life. Perfect for travel.
1257,Vertex Wireless Earbuds 246Lite,Audio,Vertex,169.79,2.4,False,Vertex Wireless Earbuds 246Lite - Engineered for gamers and power users. Perfect for travel.
1258,Vertex Sandals 102S,Footwear,Vertex,567.14,1.9,True,Vertex Sandals 102S - Engineered for gamers and power users. Perfect for multimedia.
1259,Quantum Mechanical Keyboard 195Max,Peripherals,Quantum,2813.9,4.7,False,Quantum Mechanical Keyboard 195Max - Optimized for productivity and entertainment. Perfect for multimedia.
1260,Pulse Bluetooth Speaker 175X,Audio,Pulse,2453.5,1.3,False,Pulse Bluetooth Speaker 175X - Designed for everyday performance and reliability. Perfect for gaming.
1261,Quantum Business Laptop 689Lite,Laptops,Quantum,2763.45,2.8,True,Quantum Business Laptop 689Lite - Premium build quality with advanced features. Perfect for gaming.
1262,Zenith Running Shoes 491X,Footwear,Zenith,2971.35,3.4,True,Zenith Running Shoes 491X - Engineered for gamers and power users. Perfect for gaming.
1263,Aero Wireless Earbuds 675Max,Audio,Aero,1788.04,3.0,True,Aero Wireless Earbuds 675Max - High durability with modern aesthetics. Perfect for multimedia.
1264,Nimbus Mechanical Keyboard 596Lite,Peripherals,Nimbus,2106.37,3.8,True,Nimbus Mechanical Keyboard 596Lite - Built with cutting-edge technology for superior experience. Perfect for gaming.
1265,Prime Gaming Chair 718X,Gaming,Prime,2829.21,1.1,False,Prime Gaming Chair 718X - Optimized for productivity and entertainment. Perfect for multimedia.
1266,Pulse Gaming Laptop 706S,Laptops,Pulse,405.58,3.0,True,Pulse Gaming Laptop 706S - High durability with modern aesthetics. Perfect for daily use.
1267,CoreX Tablet 228Lite,Electronics,CoreX,2104.22,2.1,False,CoreX Tablet 228Lite - Compact and lightweight for easy portability. Perfect for gaming.
1268,Nimbus Laptop Sleeve 353Max,Accessories,Nimbus,2884.36,4.3,False,Nimbus Laptop Sleeve 353Max - Comfortable ergonomic design with long-lasting battery life. Perfect for daily use.
1269,NovaTech Tablet 569X,Electronics,NovaTech,2221.13,2.0,True,NovaTech Tablet 569X - Built with cutting-edge technology for superior experience. Perfect for office work.
1270,Vertex Mechanical Keyboard 337Pro,Peripherals,Vertex,1087.9,3.7,False,Vertex Mechanical Keyboard 337Pro - Engineered for gamers and power users. Perfect for office work.
1271,Aero Mechanical Keyboard 588X,Peripherals,Aero,2424.3,1.9,True,Aero Mechanical Keyboard 588X - High durability with modern aesthetics. Perfect for office work.
1272,Eclipse 4K Monitor 169Pro,Peripherals,Eclipse,1583.57,1.8,True,Eclipse 4K Monitor 169Pro - Optimized for productivity and entertainment. Perfect for office work.
1273,Aero Chromebook 808Pro,Laptops,Aero,2957.06,2.6,True,Aero Chromebook 808Pro - High durability with modern aesthetics. Perfect for gaming.
1274,Aero Running Shoes 212Pro,Footwear,Aero,2779.3,4.0,True,Aero Running Shoes 212Pro - Engineered for gamers and power users. Perfect for office work.
1275,Pulse Running Shoes 459Max,Footwear,Pulse,742.25,2.1,False,Pulse Running Shoes 459Max - Compact and lightweight for easy portability. Perfect for gaming.
1276,CoreX Controller 138X,Gaming,CoreX,2133.87,4.8,True,CoreX Controller 138X - Compact and lightweight for easy portability. Perfect for travel.
1277,Nimbus Running Shoes 755S,Footwear,Nimbus,1192.29,4.1,True,Nimbus Running Shoes 755S - Premium build quality with advanced features. Perfect for daily use.
1278,HyperX Drone 945Lite,Electronics,HyperX,2295.98,3.3,False,HyperX Drone 945Lite - Built with cutting-edge technology for superior experience. Perfect for multimedia.
1279,Aero Gaming Laptop 415Lite,Laptops,Aero,1227.91,3.6,True,Aero Gaming Laptop 415Lite - Built with cutting-edge technology for superior experience. Perfect for travel.
1280,Strive Chromebook 406X,Laptops,Strive,2923.58,4.6,True,Strive Chromebook 406X - Designed for everyday performance and reliability. Perfect for daily use.
1281,Vertex Chromebook 785Lite,Laptops,Vertex,92.22,3.4,False,Vertex Chromebook 785Lite - Compact and lightweight for easy portability. Perfect for gaming.
1282,Orbit Controller 858Pro,Gaming,Orbit,90.28,2.3,False,Orbit Controller 858Pro - Optimized for productivity and entertainment. Perfect for daily use.
1283,Zenith Chromebook 683Lite,Laptops,Zenith,2000.19,3.8,False,Zenith Chromebook 683Lite - Designed for everyday performance and reliability. Perfect for multimedia.
1284,NovaTech Soundbar 475X,Audio,NovaTech,2302.38,4.4,True,NovaTech Soundbar 475X - Premium build quality with advanced features. Perfect for office work.
1285,Pulse Controller 221Pro,Gaming,Pulse,699.96,1.7,True,Pulse Controller 221Pro - Engineered for gamers and power users. Perfect for daily use.
1286,Strive Gaming Mouse 406Pro,Peripherals,Strive,1687.09,1.7,True,Strive Gaming Mouse 406Pro - Optimized for productivity and entertainment. Perfect for daily use.
1287,Volt 4K Monitor 365X,Peripherals,Volt,1904.06,4.4,False,Volt 4K Monitor 365X - Premium build quality with advanced features. Perfect for travel.
1288,Zenith Hiking Boots 304X,Footwear,Zenith,1397.68,1.3,True,Zenith Hiking Boots 304X - High durability with modern aesthetics. Perfect for gaming.
1289,Quantum VR Headset 630X,Gaming,Quantum,1216.54,1.4,False,Quantum VR Headset 630X - Premium build quality with advanced features. Perfect for daily use.
1290,Pulse Gaming Chair 590X,Gaming,Pulse,1184.63,2.1,False,Pulse Gaming Chair 590X - Optimized for productivity and entertainment. Perfect for office work.
1291,Orbit Noise Cancelling Headphones 972Lite,Audio,Orbit,973.58,2.6,True,Orbit Noise Cancelling Headphones 972Lite - Built with cutting-edge technology for superior experience. Perfect for travel.
1292,Volt Drone 802Max,Electronics,Volt,2576.64,1.0,True,Volt Drone 802Max - Compact and lightweight for easy portability. Perfect for travel.
1293,Nimbus Soundbar 477S,Audio,Nimbus,42.5,2.6,False,Nimbus Soundbar 477S - Engineered for gamers and power users. Perfect for daily use.
1294,Fusion Phone Case 728S,Accessories,Fusion,2362.65,3.4,True,Fusion Phone Case 728S - Premium build quality with advanced features. Perfect for gaming.
1295,Pulse Laptop Sleeve 325Pro,Accessories,Pulse,312.21,3.8,True,Pulse Laptop Sleeve 325Pro - Optimized for productivity and entertainment. Perfect for multimedia.
1296,Zenith Wireless Earbuds 308Max,Audio,Zenith,2669.44,2.4,False,Zenith Wireless Earbuds 308Max - Built with cutting-edge technology for superior experience. Perfect for travel.
1297,Strive Running Shoes 276X,Footwear,Strive,657.61,1.9,True,Strive Running Shoes 276X - High durability with modern aesthetics. Perfect for multimedia.
1298,Zenith Gaming Mouse 719S,Peripherals,Zenith,2895.47,2.7,True,Zenith Gaming Mouse 719S - High durability with modern aesthetics. Perfect for daily use.
1299,Pulse Gaming Chair 883Max,Gaming,Pulse,662.12,4.9,False,Pulse Gaming Chair 883Max - Premium build quality with advanced features. Perfect for travel.
1300,Quantum Sneakers 126Max,Footwear,Quantum,1765.48,4.0,True,Quantum Sneakers 126Max - High durability with modern aesthetics. Perfect for office work.
1301,Prime Gaming Laptop 763Lite,Laptops,Prime,2754.93,1.8,False,Prime Gaming Laptop 763Lite - Compact and lightweight for easy portability. Perfect for travel.
1302,Aero Ultrabook 231S,Laptops,Aero,2983.59,2.7,False,Aero Ultrabook 231S - Optimized for productivity and entertainment. Perfect for gaming.
1303,Quantum Hiking Boots 872X,Footwear,Quantum,744.22,1.8,True,Quantum Hiking Boots 872X - Designed for everyday performance and reliability. Perfect for multimedia.
1304,CoreX Gaming Laptop 385Pro,Laptops,CoreX,1637.14,4.0,False,CoreX Gaming Laptop 385Pro - Designed for everyday performance and reliability. Perfect for office work.
1305,Pulse Soundbar 745Lite,Audio,Pulse,2436.52,2.0,False,Pulse Soundbar 745Lite - Designed for everyday performance and reliability. Perfect for travel.
1306,HyperX Sandals 253Pro,Footwear,HyperX,377.73,1.1,True,HyperX Sandals 253Pro - Premium build quality with advanced features. Perfect for multimedia.
1307,Volt Smart Wallet 534S,Accessories,Volt,107.73,2.0,False,Volt Smart Wallet 534S - High durability with modern aesthetics. Perfect for gaming.
1308,Eclipse Gaming Laptop 599X,Laptops,Eclipse,2692.75,2.4,False,Eclipse Gaming Laptop 599X - Engineered for gamers and power users. Perfect for office work.
1309,Vertex Camera 645X,Electronics,Vertex,85.44,1.5,False,Vertex Camera 645X - Compact and lightweight for easy portability. Perfect for multimedia.
1310,Strive Wireless Earbuds 659Lite,Audio,Strive,1616.15,2.7,True,Strive Wireless Earbuds 659Lite - High durability with modern aesthetics. Perfect for multimedia.
1311,Fusion Gaming Console 714Lite,Gaming,Fusion,1147.07,3.6,True,Fusion Gaming Console 714Lite - Optimized for productivity and entertainment. Perfect for office work.
1312,Vertex VR Headset 438Lite,Gaming,Vertex,579.22,2.1,True,Vertex VR Headset 438Lite - Designed for everyday performance and reliability. Perfect for gaming.
1313,Quantum Gaming Mouse 665Max,Peripherals,Quantum,287.65,3.0,True,Quantum Gaming Mouse 665Max - Compact and lightweight for easy portability. Perfect for multimedia.
1314,Zenith Chromebook 403Pro,Laptops,Zenith,515.17,4.3,True,Zenith Chromebook 403Pro - Engineered for gamers and power users. Perfect for travel.
1315,Fusion Webcam 382Lite,Peripherals,Fusion,2323.0,1.7,False,Fusion Webcam 382Lite - Built with cutting-edge technology for superior experience. Perfect for gaming.
1316,Zenith Running Shoes 520S,Footwear,Zenith,80.33,4.9,False,Zenith Running Shoes 520S - High durability with modern aesthetics. Perfect for daily use.
1317,HyperX Hiking Boots 269S,Footwear,HyperX,1034.58,3.7,False,HyperX Hiking Boots 269S - Optimized for productivity and entertainment. Perfect for travel.
1318,Prime Bluetooth Speaker 672X,Audio,Prime,2162.07,2.4,False,Prime Bluetooth Speaker 672X - Premium build quality with advanced features. Perfect for multimedia.
1319,HyperX Gaming Console 359X,Gaming,HyperX,1023.75,1.7,False,HyperX Gaming Console 359X - Designed for everyday performance and reliability. Perfect for multimedia.
1320,Quantum Sandals 503S,Footwear,Quantum,1313.3,1.9,False,Quantum Sandals 503S - High durability with modern aesthetics. Perfect for travel.
1321,Eclipse Wireless Earbuds 824Pro,Audio,Eclipse,2209.61,1.7,False,Eclipse Wireless Earbuds 824Pro - Designed for everyday performance and reliability. Perfect for gaming.
1322,HyperX Smartwatch 449Lite,Electronics,HyperX,129.46,1.7,False,HyperX Smartwatch 449Lite - Compact and lightweight for easy portability. Perfect for office work.
1323,HyperX Ultrabook 436S,Laptops,HyperX,2056.74,3.9,True,HyperX Ultrabook 436S - Optimized for productivity and entertainment. Perfect for gaming.
1324,Prime Phone Case 336Pro,Accessories,Prime,252.36,3.3,True,Prime Phone Case 336Pro - Premium build quality with advanced features. Perfect for office work.
1325,Quantum Laptop Sleeve 259Pro,Accessories,Quantum,1808.69,4.3,True,Quantum Laptop Sleeve 259Pro - Optimized for productivity and entertainment. Perfect for travel.
1326,Fusion Noise Cancelling Headphones 266X,Audio,Fusion,331.19,3.8,False,Fusion Noise Cancelling Headphones 266X - Built with cutting-edge technology for superior experience. Perfect for office work.
1327,HyperX Tablet 201X,Electronics,HyperX,2123.89,2.7,True,HyperX Tablet 201X - Comfortable ergonomic design with long-lasting battery life. Perfect for office work.
1328,Aero Business Laptop 480S,Laptops,Aero,212.91,2.1,True,Aero Business Laptop 480S - High durability with modern aesthetics. Perfect for multimedia.
1329,Volt Gaming Chair 921Lite,Gaming,Volt,2168.38,2.2,True,Volt Gaming Chair 921Lite - Comfortable ergonomic design with long-lasting battery life. Perfect for gaming.
1330,Zenith Sneakers 894Max,Footwear,Zenith,2466.3,2.8,False,Zenith Sneakers 894Max - Comfortable ergonomic design with long-lasting battery life. Perfect for travel.
1331,Quantum Smartphone 289Pro,Electronics,Quantum,1747.58,4.0,False,Quantum Smartphone 289Pro - Built with cutting-edge technology for superior experience. Perfect for travel.
1332,CoreX Noise Cancelling Headphones 341Max,Audio,CoreX,761.13,4.2,False,CoreX Noise Cancelling Headphones 341Max - Optimized for productivity and entertainment. Perfect for multimedia.
1333,Quantum Drone 742X,Electronics,Quantum,2583.21,3.3,True,Quantum Drone 742X - Compact and lightweight for easy portability. Perfect for gaming.
1334,Zenith Mechanical Keyboard 711X,Peripherals,Zenith,2350.18,4.1,True,Zenith Mechanical Keyboard 711X - High durability with modern aesthetics. Perfect for office work.
1335,Aero Sandals 784Lite,Footwear,Aero,206.43,4.2,False,Aero Sandals 784Lite - Premium build quality with advanced features. Perfect for multimedia.
1336,Nimbus Camera 925Max,Electronics,Nimbus,2327.82,2.7,False,Nimbus Camera 925Max - Designed for everyday performance and reliability. Perfect for daily use.
1337,Eclipse Backpack 726Pro,Accessories,Eclipse,1380.05,4.0,False,Eclipse Backpack 726Pro - Engineered for gamers and power users. Perfect for gaming.
1338,Orbit Chromebook 703S,Laptops,Orbit,2292.36,3.7,True,Orbit Chromebook 703S - High durability with modern aesthetics. Perfect for travel.
1339,Zenith Smartphone 172Pro,Electronics,Zenith,1098.23,1.1,True,Zenith Smartphone 172Pro - Premium build quality with advanced features. Perfect for gaming.
1340,Pulse Drone 569S,Electronics,Pulse,1372.12,4.4,True,Pulse Drone 569S - Engineered for gamers and power users. Perfect for office work.
1341,Nimbus Running Shoes 754S,Footwear,Nimbus,833.36,2.2,True,Nimbus Running Shoes 754S - Built with cutting-edge technology for superior experience. Perfect for gaming.
1342,CoreX Smart Wallet 362Lite,Accessories,CoreX,268.1,1.7,True,CoreX Smart Wallet 362Lite - Built with cutting-edge technology for superior experience. Perfect for office work.
1343,Eclipse Business Laptop 849Max,Laptops,Eclipse,581.4,1.8,False,Eclipse Business Laptop 849Max - Optimized for productivity and entertainment. Perfect for multimedia.
1344,Prime Controller 680S,Gaming,Prime,2708.01,3.3,True,Prime Controller 680S - Optimized for productivity and entertainment. Perfect for daily use.
1345,Quantum Smartphone 429Max,Electronics,Quantum,2201.39,4.7,False,Quantum Smartphone 429Max - Built with cutting-edge technology for superior experience. Perfect for daily use.
1346,Zenith Webcam 434X,Peripherals,Zenith,2891.04,2.4,True,Zenith Webcam 434X - Compact and lightweight for easy portability. Perfect for travel.
1347,Aero Laptop Sleeve 922Max,Accessories,Aero,92.89,1.0,False,Aero Laptop Sleeve 922Max - Comfortable ergonomic design with long-lasting battery life. Perfect for office work.
1348,CoreX Sneakers 538X,Footwear,CoreX,378.19,4.9,False,CoreX Sneakers 538X - Comfortable ergonomic design with long-lasting battery life. Perfect for gaming.
1349,NovaTech Sandals 165S,Footwear,NovaTech,2915.82,1.6,False,NovaTech Sandals 165S - Compact and lightweight for easy portability. Perfect for gaming.
1350,Pulse Tablet 122S,Electronics,Pulse,2510.55,5.0,False,Pulse Tablet 122S - High durability with modern aesthetics. Perfect for daily use.
1351,Orbit Smartphone 554S,Electronics,Orbit,436.28,4.6,False,Orbit Smartphone 554S - Designed for everyday performance and reliability. Perfect for gaming.
1352,Zenith Backpack 129Lite,Accessories,Zenith,2489.46,3.8,True,Zenith Backpack 129Lite - High durability with modern aesthetics. Perfect for office work.
1353,Zenith Controller 783Max,Gaming,Zenith,712.46,1.9,False,Zenith Controller 783Max - Engineered for gamers and power users. Perfect for gaming.
1354,Aero Gaming Console 409X,Gaming,Aero,2790.54,2.1,False,Aero Gaming Console 409X - Built with cutting-edge technology for superior experience. Perfect for travel.
1355,Vertex Controller 424Max,Gaming,Vertex,1555.35,3.0,False,Vertex Controller 424Max - Engineered for gamers and power users. Perfect for daily use.
1356,Volt 4K Monitor 958S,Peripherals,Volt,1572.78,4.9,False,Volt 4K Monitor 958S - Designed for everyday performance and reliability. Perfect for daily use.
1357,Quantum Ultrabook 507Max,Laptops,Quantum,2326.51,2.7,False,Quantum Ultrabook 507Max - Premium build quality with advanced features. Perfect for office work.
1358,NovaTech Bluetooth Speaker 567Lite,Audio,NovaTech,1927.01,4.6,False,NovaTech Bluetooth Speaker 567Lite - High durability with modern aesthetics. Perfect for gaming.
1359,Pulse Running Shoes 115Pro,Footwear,Pulse,2134.73,4.9,True,Pulse Running Shoes 115Pro - Built with cutting-edge technology for superior experience. Perfect for office work.
1360,NovaTech Camera 181Pro,Electronics,NovaTech,1695.42,2.5,True,NovaTech Camera 181Pro - Built with cutting-edge technology for superior experience. Perfect for multimedia.
1361,HyperX Noise Cancelling Headphones 567Lite,Audio,HyperX,1390.13,1.7,False,HyperX Noise Cancelling Headphones 567Lite - Designed for everyday performance and reliability. Perfect for multimedia.
1362,Strive Wireless Earbuds 949X,Audio,Strive,2070.69,2.2,False,Strive Wireless Earbuds 949X - High durability with modern aesthetics. Perfect for gaming.
1363,NovaTech Controller 388X,Gaming,NovaTech,32.06,3.3,False,NovaTech Controller 388X - Comfortable ergonomic design with long-lasting battery life. Perfect for travel.
1364,NovaTech Chromebook 880Lite,Laptops,NovaTech,2485.95,4.7,True,NovaTech Chromebook 880Lite - Premium build quality with advanced features. Perfect for travel.
1365,NovaTech Gaming Mouse 388Max,Peripherals,NovaTech,672.25,3.9,True,NovaTech Gaming Mouse 388Max - Built with cutting-edge technology for superior experience. Perfect for gaming.
1366,Pulse 4K Monitor 450S,Peripherals,Pulse,1136.48,2.4,True,Pulse 4K Monitor 450S - Designed for everyday performance and reliability. Perfect for gaming.
1367,CoreX VR Headset 164Lite,Gaming,CoreX,1403.75,4.8,False,CoreX VR Headset 164Lite - Designed for everyday performance and reliability. Perfect for travel.
1368,Quantum Webcam 342X,Peripherals,Quantum,840.87,3.3,False,Quantum Webcam 342X - Optimized for productivity and entertainment. Perfect for multimedia.
1369,Fusion Sandals 175S,Footwear,Fusion,1170.26,1.7,True,Fusion Sandals 175S - Optimized for productivity and entertainment. Perfect for gaming.
1370,NovaTech Gaming Laptop 473Max,Laptops,NovaTech,1842.44,2.4,True,NovaTech Gaming Laptop 473Max - Built with cutting-edge technology for superior experience. Perfect for travel.
1371,Prime Smartwatch 185Lite,Electronics,Prime,1209.25,3.9,True,Prime Smartwatch 185Lite - Optimized for productivity and entertainment. Perfect for travel.
1372,CoreX 4K Monitor 310X,Peripherals,CoreX,2995.15,2.4,False,CoreX 4K Monitor 310X - Optimized for productivity and entertainment. Perfect for daily use.
1373,NovaTech Smart Wallet 335Max,Accessories,NovaTech,223.39,1.5,False,NovaTech Smart Wallet 335Max - Compact and lightweight for easy portability. Perfect for daily use.
1374,Vertex Camera 888X,Electronics,Vertex,176.73,2.7,False,Vertex Camera 888X - Optimized for productivity and entertainment. Perfect for gaming.
1375,CoreX Laptop Sleeve 107X,Accessories,CoreX,1054.28,2.6,False,CoreX Laptop Sleeve 107X - High durability with modern aesthetics. Perfect for travel.
1376,Nimbus Smart Wallet 426S,Accessories,Nimbus,2942.44,4.0,True,Nimbus Smart Wallet 426S - High durability with modern aesthetics. Perfect for gaming.
1377,Aero Camera 609X,Electronics,Aero,1920.59,4.6,False,Aero Camera 609X - Comfortable ergonomic design with long-lasting battery life. Perfect for gaming.
1378,CoreX Gaming Chair 986Max,Gaming,CoreX,194.24,3.8,True,CoreX Gaming Chair 986Max - Premium build quality with advanced features. Perfect for multimedia.
1379,CoreX Gaming Chair 688S,Gaming,CoreX,1799.92,3.9,False,CoreX Gaming Chair 688S - Comfortable ergonomic design with long-lasting battery life. Perfect for travel.
1380,Fusion VR Headset 889X,Gaming,Fusion,1429.61,2.3,False,Fusion VR Headset 889X - Comfortable ergonomic design with long-lasting battery life. Perfect for travel.
1381,Nimbus Soundbar 883X,Audio,Nimbus,1120.02,1.5,False,Nimbus Soundbar 883X - Designed for everyday performance and reliability. Perfect for daily use.
1382,NovaTech Hiking Boots 466Max,Footwear,NovaTech,1980.34,3.8,False,NovaTech Hiking Boots 466Max - Designed for everyday performance and reliability. Perfect for travel.
1383,Orbit Camera 282X,Electronics,Orbit,2273.4,3.7,True,Orbit Camera 282X - Compact and lightweight for easy portability. Perfect for office work.
1384,Nimbus Tablet 983S,Electronics,Nimbus,2480.93,3.0,True,Nimbus Tablet 983S - Built with cutting-edge technology for superior experience. Perfect for travel.
1385,Volt Chromebook 356Max,Laptops,Volt,271.92,2.0,True,Volt Chromebook 356Max - Optimized for productivity and entertainment. Perfect for office work.
1386,Aero Webcam 699Pro,Peripherals,Aero,1250.62,1.9,False,Aero Webcam 699Pro - Optimized for productivity and entertainment. Perfect for daily use.
1387,NovaTech Smart Wallet 408S,Accessories,NovaTech,84.09,4.8,False,NovaTech Smart Wallet 408S - High durability with modern aesthetics. Perfect for office work.
1388,Strive Sandals 204Max,Footwear,Strive,1108.68,3.1,False,Strive Sandals 204Max - Optimized for productivity and entertainment. Perfect for travel.
1389,Orbit Mechanical Keyboard 549Lite,Peripherals,Orbit,305.46,4.2,True,Orbit Mechanical Keyboard 549Lite - High durability with modern aesthetics. Perfect for office work.
1390,Pulse Sneakers 166Lite,Footwear,Pulse,164.95,1.0,False,Pulse Sneakers 166Lite - High durability with modern aesthetics. Perfect for office work.
1391,Orbit Webcam 175Pro,Peripherals,Orbit,2118.46,3.2,False,Orbit Webcam 175Pro - High durability with modern aesthetics. Perfect for travel.
1392,CoreX VR Headset 454S,Gaming,CoreX,2332.35,2.2,True,CoreX VR Headset 454S - Engineered for gamers and power users. Perfect for office work.
1393,Pulse Laptop Sleeve 325Pro,Accessories,Pulse,1960.81,4.3,False,Pulse Laptop Sleeve 325Pro - Premium build quality with advanced features. Perfect for office work.
1394,Quantum Business Laptop 589Pro,Laptops,Quantum,680.26,3.9,False,Quantum Business Laptop 589Pro - High durability with modern aesthetics. Perfect for daily use.
1395,Prime Chromebook 488X,Laptops,Prime,27.79,2.1,False,Prime Chromebook 488X - High durability with modern aesthetics. Perfect for daily use.
1396,Orbit VR Headset 274Max,Gaming,Orbit,2604.53,3.5,True,Orbit VR Headset 274Max - Premium build quality with advanced features. Perfect for travel.
1397,Nimbus Mechanical Keyboard 938Pro,Peripherals,Nimbus,2066.12,2.1,True,Nimbus Mechanical Keyboard 938Pro - Premium build quality with advanced features. Perfect for gaming.
1398,Fusion Gaming Laptop 147X,Laptops,Fusion,1204.41,2.3,True,Fusion Gaming Laptop 147X - Designed for everyday performance and reliability. Perfect for daily use.
1399,CoreX Soundbar 495Pro,Audio,CoreX,2472.02,4.3,True,CoreX Soundbar 495Pro - Compact and lightweight for easy portability. Perfect for travel.
1400,Nimbus Hiking Boots 533X,Footwear,Nimbus,1078.87,1.3,True,Nimbus Hiking Boots 533X - Engineered for gamers and power users. Perfect for gaming.
1401,CoreX Sandals 584S,Footwear,CoreX,1625.06,3.3,False,CoreX Sandals 584S - Designed for everyday performance and reliability. Perfect for daily use.
1402,HyperX Camera 728X,Electronics,HyperX,262.97,4.7,False,HyperX Camera 728X - Comfortable ergonomic design with long-lasting battery life. Perfect for travel.
1403,NovaTech Sandals 543S,Footwear,NovaTech,2990.98,2.2,True,NovaTech Sandals 543S - Optimized for productivity and entertainment. Perfect for gaming.
1404,Fusion Soundbar 920X,Audio,Fusion,903.99,4.5,True,Fusion Soundbar 920X - Designed for everyday performance and reliability. Perfect for multimedia.
1405,Aero Sandals 164Pro,Footwear,Aero,590.36,3.1,True,Aero Sandals 164Pro - Engineered for gamers and power users. Perfect for travel.
1406,Volt Backpack 999S,Accessories,Volt,2551.67,1.1,True,Volt Backpack 999S - Comfortable ergonomic design with long-lasting battery life. Perfect for gaming.
1407,CoreX Bluetooth Speaker 481Max,Audio,CoreX,1721.1,4.7,False,CoreX Bluetooth Speaker 481Max - Comfortable ergonomic design with long-lasting battery life. Perfect for daily use.
1408,Zenith Gaming Chair 914Pro,Gaming,Zenith,1026.6,4.5,False,Zenith Gaming Chair 914Pro - Premium build quality with advanced features. Perfect for multimedia.
1409,Orbit Business Laptop 199Max,Laptops,Orbit,505.65,1.1,False,Orbit Business Laptop 199Max - Premium build quality with advanced features. Perfect for multimedia.
1410,Vertex Sandals 416X,Footwear,Vertex,1442.03,3.5,False,Vertex Sandals 416X - Built with cutting-edge technology for superior experience. Perfect for multimedia.
1411,Vertex Gaming Laptop 826Lite,Laptops,Vertex,297.86,4.2,True,Vertex Gaming Laptop 826Lite - Designed for everyday performance and reliability. Perfect for travel.
1412,Pulse Sandals 315S,Footwear,Pulse,2433.75,4.7,True,Pulse Sandals 315S - Premium build quality with advanced features. Perfect for multimedia.
1413,Strive Gaming Mouse 975S,Peripherals,Strive,375.44,1.1,False,Strive Gaming Mouse 975S - High durability with modern aesthetics. Perfect for multimedia.
1414,HyperX Sandals 886Max,Footwear,HyperX,542.56,4.7,False,HyperX Sandals 886Max - Premium build quality with advanced features. Perfect for daily use.
1415,Volt Smartwatch 804Pro,Electronics,Volt,2296.68,2.9,True,Volt Smartwatch 804Pro - Comfortable ergonomic design with long-lasting battery life. Perfect for daily use.
1416,Vertex Camera 506Pro,Electronics,Vertex,1982.82,4.1,True,Vertex Camera 506Pro - Engineered for gamers and power users. Perfect for office work.
1417,Eclipse VR Headset 130Pro,Gaming,Eclipse,497.69,3.1,True,Eclipse VR Headset 130Pro - Built with cutting-edge technology for superior experience. Perfect for gaming.
1418,Aero Hiking Boots 756S,Footwear,Aero,830.83,4.1,True,Aero Hiking Boots 756S - Compact and lightweight for easy portability. Perfect for office work.
1419,Strive Backpack 512Pro,Accessories,Strive,1096.82,2.8,False,Strive Backpack 512Pro - Engineered for gamers and power users. Perfect for daily use.
1420,Zenith Wireless Earbuds 441S,Audio,Zenith,1270.87,4.6,False,Zenith Wireless Earbuds 441S - Comfortable ergonomic design with long-lasting battery life. Perfect for daily use.
1421,Orbit Laptop Sleeve 444Max,Accessories,Orbit,2658.12,3.8,False,Orbit Laptop Sleeve 444Max - Optimized for productivity and entertainment. Perfect for gaming.
1422,NovaTech Gaming Console 299Pro,Gaming,NovaTech,1656.11,2.4,False,NovaTech Gaming Console 299Pro - Comfortable ergonomic design with long-lasting battery life. Perfect for multimedia.
1423,Zenith 4K Monitor 131Max,Peripherals,Zenith,2996.92,4.9,True,Zenith 4K Monitor 131Max - Premium build quality with advanced features. Perfect for gaming.
1424,Zenith Chromebook 379X,Laptops,Zenith,1936.34,2.9,False,Zenith Chromebook 379X - Optimized for productivity and entertainment. Perfect for travel.
1425,Quantum Backpack 456Pro,Accessories,Quantum,446.06,3.0,False,Quantum Backpack 456Pro - Optimized for productivity and entertainment. Perfect for daily use.
1426,Aero 4K Monitor 637Max,Peripherals,Aero,473.14,3.5,True,Aero 4K Monitor 637Max - Comfortable ergonomic design with long-lasting battery life. Perfect for daily use.
1427,Quantum Phone Case 431Lite,Accessories,Quantum,361.79,4.4,False,Quantum Phone Case 431Lite - Compact and lightweight for easy portability. Perfect for daily use.
1428,Orbit Sneakers 980Lite,Footwear,Orbit,1941.01,3.3,True,Orbit Sneakers 980Lite - High durability with modern aesthetics. Perfect for daily use.
1429,Zenith Gaming Mouse 184Pro,Peripherals,Zenith,2517.73,3.3,False,Zenith Gaming Mouse 184Pro - Optimized for productivity and entertainment. Perfect for multimedia.
1430,Aero Soundbar 632S,Audio,Aero,1247.75,4.6,True,Aero Soundbar 632S - High durability with modern aesthetics. Perfect for gaming.
1431,NovaTech Chromebook 439Pro,Laptops,NovaTech,345.05,1.9,False,NovaTech Chromebook 439Pro - Compact and lightweight for easy portability. Perfect for daily use.
1432,Nimbus Bluetooth Speaker 591S,Audio,Nimbus,2980.44,4.5,False,Nimbus Bluetooth Speaker 591S - Comfortable ergonomic design with long-lasting battery life. Perfect for gaming.
1433,Nimbus Sandals 396S,Footwear,Nimbus,2670.44,4.3,False,Nimbus Sandals 396S - Built with cutting-edge technology for superior experience. Perfect for daily use.
1434,Nimbus Gaming Laptop 760S,Laptops,Nimbus,2643.16,1.6,False,Nimbus Gaming Laptop 760S - Engineered for gamers and power users. Perfect for multimedia.
1435,Zenith Noise Cancelling Headphones 679Pro,Audio,Zenith,1558.61,1.2,True,Zenith Noise Cancelling Headphones 679Pro - Optimized for productivity and entertainment. Perfect for daily use.
1436,Orbit Sneakers 723X,Footwear,Orbit,634.06,1.9,False,Orbit Sneakers 723X - High durability with modern aesthetics. Perfect for daily use.
1437,Vertex Running Shoes 872Max,Footwear,Vertex,699.58,4.2,True,Vertex Running Shoes 872Max - Engineered for gamers and power users. Perfect for multimedia.
1438,Quantum Controller 461Pro,Gaming,Quantum,2492.5,3.8,True,Quantum Controller 461Pro - Compact and lightweight for easy portability. Perfect for gaming.
1439,Quantum Smartphone 928Lite,Electronics,Quantum,2646.97,2.8,False,Quantum Smartphone 928Lite - Optimized for productivity and entertainment. Perfect for travel.
1440,Vertex Gaming Chair 728Pro,Gaming,Vertex,1551.13,2.7,True,Vertex Gaming Chair 728Pro - Comfortable ergonomic design with long-lasting battery life. Perfect for gaming.
1441,Nimbus Soundbar 633S,Audio,Nimbus,2413.38,1.7,False,Nimbus Soundbar 633S - Premium build quality with advanced features. Perfect for multimedia.
1442,Volt Running Shoes 995Lite,Footwear,Volt,2532.59,2.0,True,Volt Running Shoes 995Lite - Premium build quality with advanced features. Perfect for office work.
1443,Volt Noise Cancelling Headphones 321S,Audio,Volt,1099.75,1.5,False,Volt Noise Cancelling Headphones 321S - Built with cutting-edge technology for superior experience. Perfect for daily use.
1444,Strive Hiking Boots 346X,Footwear,Strive,857.34,4.7,True,Strive Hiking Boots 346X - Designed for everyday performance and reliability. Perfect for multimedia.
1445,Nimbus Gaming Mouse 523X,Peripherals,Nimbus,154.71,3.4,False,Nimbus Gaming Mouse 523X - Designed for everyday performance and reliability. Perfect for multimedia.
1446,Eclipse Backpack 988Lite,Accessories,Eclipse,2766.79,4.6,True,Eclipse Backpack 988Lite - Engineered for gamers and power users. Perfect for office work.
1447,Fusion Controller 133Lite,Gaming,Fusion,1789.9,2.3,False,Fusion Controller 133Lite - Built with cutting-edge technology for superior experience. Perfect for gaming.
1448,Aero Running Shoes 196S,Footwear,Aero,2479.42,3.4,True,Aero Running Shoes 196S - Optimized for productivity and entertainment. Perfect for daily use.
1449,Volt Smartwatch 898Max,Electronics,Volt,531.0,1.8,True,Volt Smartwatch 898Max - Comfortable ergonomic design with long-lasting battery life. Perfect for office work.
1450,NovaTech Chromebook 812Lite,Laptops,NovaTech,865.48,2.5,True,NovaTech Chromebook 812Lite - Optimized for productivity and entertainment. Perfect for multimedia.
1451,CoreX Backpack 966Max,Accessories,CoreX,1719.12,1.8,False,CoreX Backpack 966Max - Engineered for gamers and power users. Perfect for gaming.
1452,HyperX 4K Monitor 769S,Peripherals,HyperX,1298.81,1.3,False,HyperX 4K Monitor 769S - Designed for everyday performance and reliability. Perfect for office work.
1453,Strive Bluetooth Speaker 292X,Audio,Strive,1683.57,1.9,True,Strive Bluetooth Speaker 292X - Engineered for gamers and power users. Perfect for gaming.
1454,Volt Camera 747Pro,Electronics,Volt,1635.33,1.3,True,Volt Camera 747Pro - Compact and lightweight for easy portability. Perfect for gaming.
1455,Aero Phone Case 385Lite,Accessories,Aero,2543.22,4.8,False,Aero Phone Case 385Lite - Premium build quality with advanced features. Perfect for office work.
1456,Prime Controller 585S,Gaming,Prime,2251.77,1.3,True,Prime Controller 585S - Built with cutting-edge technology for superior experience. Perfect for multimedia.
1457,CoreX Webcam 699Lite,Peripherals,CoreX,1331.04,4.5,False,CoreX Webcam 699Lite - Premium build quality with advanced features. Perfect for daily use.
1458,CoreX Soundbar 458Max,Audio,CoreX,738.27,3.3,True,CoreX Soundbar 458Max - Engineered for gamers and power users. Perfect for multimedia.
1459,Quantum Smart Wallet 680Lite,Accessories,Quantum,1601.18,3.8,False,Quantum Smart Wallet 680Lite - Premium build quality with advanced features. Perfect for multimedia.
1460,Nimbus Smart Wallet 956Lite,Accessories,Nimbus,511.46,2.1,True,Nimbus Smart Wallet 956Lite - Optimized for productivity and entertainment. Perfect for multimedia.
1461,Eclipse Smartphone 723Max,Electronics,Eclipse,1335.95,2.3,False,Eclipse Smartphone 723Max - Built with cutting-edge technology for superior experience. Perfect for daily use.
1462,Orbit Wireless Earbuds 418S,Audio,Orbit,928.56,3.1,True,Orbit Wireless Earbuds 418S - Compact and lightweight for easy portability. Perfect for travel.
1463,Fusion Soundbar 705Max,Audio,Fusion,1761.16,4.1,True,Fusion Soundbar 705Max - Optimized for productivity and entertainment. Perfect for travel.
1464,Nimbus Phone Case 813Pro,Accessories,Nimbus,65.26,2.9,False,Nimbus Phone Case 813Pro - Compact and lightweight for easy portability. Perfect for office work.
1465,Zenith Running Shoes 197Max,Footwear,Zenith,2428.06,1.5,True,Zenith Running Shoes 197Max - Built with cutting-edge technology for superior experience. Perfect for daily use.
1466,Aero Bluetooth Speaker 978X,Audio,Aero,1982.81,2.2,True,Aero Bluetooth Speaker 978X - Comfortable ergonomic design with long-lasting battery life. Perfect for daily use.
1467,NovaTech Gaming Chair 851Max,Gaming,NovaTech,2856.81,4.4,False,NovaTech Gaming Chair 851Max - Comfortable ergonomic design with long-lasting battery life. Perfect for daily use.
1468,Aero Drone 578Max,Electronics,Aero,1073.48,3.0,False,Aero Drone 578Max - Compact and lightweight for easy portability. Perfect for travel.
1469,Strive Camera 444S,Electronics,Strive,2366.65,2.0,True,Strive Camera 444S - Premium build quality with advanced features. Perfect for travel.
1470,Aero Wireless Earbuds 546S,Audio,Aero,1894.93,4.2,True,Aero Wireless Earbuds 546S - Premium build quality with advanced features. Perfect for gaming.
1471,Fusion VR Headset 691X,Gaming,Fusion,1520.73,4.0,True,Fusion VR Headset 691X - Premium build quality with advanced features. Perfect for multimedia.
1472,Vertex Hiking Boots 422Pro,Footwear,Vertex,1570.28,4.3,False,Vertex Hiking Boots 422Pro - Optimized for productivity and entertainment. Perfect for travel.
1473,Fusion Wireless Earbuds 178X,Audio,Fusion,2999.27,2.2,False,Fusion Wireless Earbuds 178X - Compact and lightweight for easy portability. Perfect for daily use.
1474,Quantum Backpack 759Pro,Accessories,Quantum,1827.46,4.8,False,Quantum Backpack 759Pro - Compact and lightweight for easy portability. Perfect for travel.
1475,CoreX Soundbar 795Lite,Audio,CoreX,1350.83,2.7,False,CoreX Soundbar 795Lite - Premium build quality with advanced features. Perfect for travel.
1476,NovaTech Bluetooth Speaker 920Pro,Audio,NovaTech,94.09,3.2,False,NovaTech Bluetooth Speaker 920Pro - High durability with modern aesthetics. Perfect for multimedia.
1477,Zenith Webcam 936Max,Peripherals,Zenith,1525.74,3.6,True,Zenith Webcam 936Max - Premium build quality with advanced features. Perfect for travel.
1478,Zenith Mechanical Keyboard 237Max,Peripherals,Zenith,2094.83,2.0,False,Zenith Mechanical Keyboard 237Max - Compact and lightweight for easy portability. Perfect for gaming.
1479,Aero Smartphone 962X,Electronics,Aero,808.99,4.4,False,Aero Smartphone 962X - Compact and lightweight for easy portability. Perfect for daily use.
1480,Quantum Tablet 296Max,Electronics,Quantum,1437.06,1.7,False,Quantum Tablet 296Max - Optimized for productivity and entertainment. Perfect for travel.
1481,Zenith Running Shoes 991X,Footwear,Zenith,2196.9,2.2,True,Zenith Running Shoes 991X - High durability with modern aesthetics. Perfect for travel.
1482,Volt Camera 933Lite,Electronics,Volt,657.84,3.6,False,Volt Camera 933Lite - Comfortable ergonomic design with long-lasting battery life. Perfect for gaming.
1483,Pulse Drone 530Pro,Electronics,Pulse,965.09,4.9,True,Pulse Drone 530Pro - Designed for everyday performance and reliability. Perfect for daily use.
1484,HyperX Controller 765Pro,Gaming,HyperX,447.42,3.9,False,HyperX Controller 765Pro - Built with cutting-edge technology for superior experience. Perfect for daily use.
1485,Fusion Gaming Console 784S,Gaming,Fusion,171.91,1.6,True,Fusion Gaming Console 784S - Built with cutting-edge technology for superior experience. Perfect for gaming.
1486,Aero Webcam 320X,Peripherals,Aero,1156.01,3.9,True,Aero Webcam 320X - Compact and lightweight for easy portability. Perfect for multimedia.
1487,Vertex Bluetooth Speaker 281Max,Audio,Vertex,2488.07,2.0,True,Vertex Bluetooth Speaker 281Max - Engineered for gamers and power users. Perfect for office work.
1488,Strive Noise Cancelling Headphones 596Pro,Audio,Strive,2821.47,2.3,True,Strive Noise Cancelling Headphones 596Pro - Engineered for gamers and power users. Perfect for gaming.
1489,CoreX Smartwatch 389Pro,Electronics,CoreX,1576.96,4.0,True,CoreX Smartwatch 389Pro - Built with cutting-edge technology for superior experience. Perfect for office work.
1490,Orbit Gaming Laptop 706S,Laptops,Orbit,748.01,4.8,True,Orbit Gaming Laptop 706S - Premium build quality with advanced features. Perfect for office work.
1491,Eclipse Camera 766Max,Electronics,Eclipse,837.98,2.3,True,Eclipse Camera 766Max - Compact and lightweight for easy portability. Perfect for travel.
1492,Strive Webcam 627S,Peripherals,Strive,74.81,4.9,True,Strive Webcam 627S - Compact and lightweight for easy portability. Perfect for office work.
1493,Prime Bluetooth Speaker 745Pro,Audio,Prime,813.06,2.3,True,Prime Bluetooth Speaker 745Pro - Engineered for gamers and power users. Perfect for multimedia.
1494,Quantum Controller 672Lite,Gaming,Quantum,718.64,1.5,False,Quantum Controller 672Lite - Engineered for gamers and power users. Perfect for gaming.
1495,Volt Backpack 549Lite,Accessories,Volt,1355.78,2.2,True,Volt Backpack 549Lite - High durability with modern aesthetics. Perfect for multimedia.
1496,Strive Mechanical Keyboard 123Lite,Peripherals,Strive,727.22,5.0,False,Strive Mechanical Keyboard 123Lite - Engineered for gamers and power users. Perfect for gaming.
1497,NovaTech Sandals 976S,Footwear,NovaTech,2785.2,1.9,False,NovaTech Sandals 976S - Engineered for gamers and power users. Perfect for daily use.
1498,Pulse Camera 109Lite,Electronics,Pulse,2127.32,1.6,False,Pulse Camera 109Lite - High durability with modern aesthetics. Perfect for travel.
1499,Eclipse Chromebook 975S,Laptops,Eclipse,764.01,1.6,True,Eclipse Chromebook 975S - Designed for everyday performance and reliability. Perfect for multimedia.
1500,Quantum VR Headset 153Pro,Gaming,Quantum,2380.02,4.6,False,Quantum VR Headset 153Pro - Compact and lightweight for easy portability. Perfect for multimedia.
